BACT ID	Phylum	Order	Genus	Genome	Detected
BACT_1083	Bacteroidetes	Sphingobacteriales	Sphingobacterium	Sphingobacterium_spiritivorum_ATCC_33300	0
BACT_1247	Firmicutes	Lactobacillales	Weissella	Weissella_paramesenteroides_ATCC_33313	1
BACT_1300	Proteobacteria	Pseudomonadales	Acinetobacter	Acinetobacter_sp._SH024	0
BACT_1347	Proteobacteria	Enterobacteriales	Edwardsiella	Edwardsiella_tarda_ATCC_23685	0
BACT_1431	Actinobacteria	Actinomycetales	Mycobacterium	Mycobacterium_parascrofulaceum_ATCC_BAA-614	0
BACT_1476	Proteobacteria	Rhodospirillales	Roseomonas	Roseomonas_cervicalis_ATCC_49957	0
BACT_25	Proteobacteria	Pseudomonadales	Acinetobacter	Acinetobacter_calcoaceticus_RUH2202	0
BACT_3042	Firmicutes	Lactobacillales	Lactobacillus	Lactobacillus_brevis_gravesensis_ATCC_27305	0
BACT_3073	Firmicutes	Bacillales	Paenibacillus	Paenibacillus_sp._D14	0
BACT_3081	Actinobacteria	Actinomycetales	Propionibacterium	Propionibacterium_acnes_SK137	0
BACT_3086	Bacteroidetes	Sphingobacteriales	Sphingobacterium	Sphingobacterium_spiritivorum_ATCC_33861	0
BACT_32	Proteobacteria	Pseudomonadales	Acinetobacter	Acinetobacter_sp._RUH2624	0
BACT_625	Proteobacteria	Campylobacterales	Helicobacter	Helicobacter_bilis_ATCC_43879	0
BACT_627	Proteobacteria	Campylobacterales	Helicobacter	Helicobacter_cinaedi_CCUG_18818	0
BACT_629	Proteobacteria	Campylobacterales	Helicobacter	Helicobacter_pullorum_MIT_98-5489	0
BACT_63	Synergistetes	Synergistales	Anaerobaculum	Anaerobaculum_hydrogeniformans_ATCC_BAA-1850	0
BACT_633	Proteobacteria	Campylobacterales	Helicobacter	Helicobacter_winghamensis_ATCC_BAA-430	0
BACT_705	Firmicutes	Bacillales	Listeria	Listeria_grayi_DSM_20601	1
BACT_1000	Bacteroidetes	Flavobacteriales	Robiginitalea	Robiginitalea_biformata_HTCC2501	0
BACT_1001	Firmicutes	Clostridiales	Roseburia	Roseburia_intestinalis_L1-82	1
BACT_1002	Firmicutes	Clostridiales	Roseburia	Roseburia_inulinivorans_DSM_16841	1
BACT_1004	Chloroflexi	Chloroflexales	Roseiflexus	Roseiflexus_sp._RS-1	0
BACT_1016	Actinobacteria	Actinomycetales	Rothia	Rothia_mucilaginosa_ATCC_25296	1
BACT_1020	Firmicutes	Clostridiales	Ruminococcus	Ruminococcus_flavefaciens_FD-1	1
BACT_1021	Firmicutes	Clostridiales	Ruminococcus	Ruminococcus_gnavus_ATCC_29149	1
BACT_1022	Firmicutes	Clostridiales	Ruminococcus	Ruminococcus_lactaris_ATCC_29176	1
BACT_1023	Firmicutes	Clostridiales	Ruminococcus	Ruminococcus_obeum_ATCC_29174	1
BACT_1024	Firmicutes	Clostridiales	Ruminococcus	Ruminococcus_sp._5_1_39BFAA	1
BACT_1025	Firmicutes	Clostridiales	Ruminococcus	Ruminococcus_torques_ATCC_27756	1
BACT_1026	Actinobacteria	Actinomycetales	Saccharomonospora	Saccharomonospora_viridis_DSM_43017	0
BACT_1031	Actinobacteria	Actinomycetales	Salinispora	Salinispora_tropica_CNB-440	0
BACT_1032	Proteobacteria	Enterobacteriales	Salmonella	Salmonella_enterica_subsp._arizonae_serovar_62:z4,z23:--	1
BACT_1040	Proteobacteria	Enterobacteriales	Salmonella	Salmonella_enterica_subsp._enterica_serovar_Paratyphi_A_str._ATCC_9150	1
BACT_1047	Actinobacteria	Actinomycetales	Sanguibacter	Sanguibacter_keddieii_DSM_10542	0
BACT_1048	Fusobacteria	Fusobacteriales	Sebaldella	Sebaldella_termitidis_ATCC_33386	0
BACT_1049	Firmicutes	Clostridiales	Selenomonas	Selenomonas_flueggei_ATCC_43531	1
BACT_1050	Firmicutes	Clostridiales	Selenomonas	Selenomonas_noxia_ATCC_43541	1
BACT_1051	Firmicutes	Clostridiales	Selenomonas	Selenomonas_sputigena_ATCC_35185	1
BACT_1052	Proteobacteria	Enterobacteriales	Serratia	Serratia_proteamaculans_568	1
BACT_531	Proteobacteria	Enterobacteriales	Escherichia	Escherichia_coli_str._K-12_substr._MG1655	1
BACT_1072	Firmicutes	Clostridiales	Shuttleworthia	Shuttleworthia_satelles_DSM_14600	0
BACT_1073	Proteobacteria	Xanthomonadales	Sideroxydans	Sideroxydans_lithotrophicus_ES-1	0
BACT_1077	Actinobacteria	Coriobacteriales	Slackia	Slackia_exigua_ATCC_700122	1
BACT_1078	Actinobacteria	Coriobacteriales	Slackia	Slackia_heliotrinireducens_DSM_20476	1
BACT_1084	Proteobacteria	Sphingomonadales	Sphingomonas	Sphingomonas_sp._SKA58	0
BACT_1086	Proteobacteria	Sphingomonadales	Sphingopyxis	Sphingopyxis_alaskensis_RB2256	0
BACT_1089	Actinobacteria	Actinomycetales	Stackebrandtia	Stackebrandtia_nassauensis_DSM_44728	1
BACT_3088	Firmicutes	Bacillales	Staphylococcus	Staphylococcus_aureus_aureus_MN8	0
BACT_1091	Firmicutes	Bacillales	Staphylococcus	Staphylococcus_capitis_SK14	0
BACT_1092	Firmicutes	Bacillales	Staphylococcus	Staphylococcus_carnosus_subsp._carnosus_TM300	0
BACT_1093	Firmicutes	Bacillales	Staphylococcus	Staphylococcus_epidermidis_RP62A	0
BACT_1094	Firmicutes	Bacillales	Staphylococcus	Staphylococcus_haemolyticus_JCSC1435	0
BACT_1095	Firmicutes	Bacillales	Staphylococcus	Staphylococcus_hominis_SK119	0
BACT_1096	Firmicutes	Bacillales	Staphylococcus	Staphylococcus_saprophyticus_subsp._saprophyticus_ATCC_15305	0
BACT_1097	Firmicutes	Bacillales	Staphylococcus	Staphylococcus_warneri_L37603	0
BACT_1098	Proteobacteria	Xanthomonadales	Stenotrophomonas	Stenotrophomonas_maltophilia_K279a	0
BACT_1099	Proteobacteria	Xanthomonadales	Stenotrophomonas	Stenotrophomonas_sp._SKA14	0
BACT_1101	Fusobacteria	Fusobacteriales	Streptobacillus	Streptobacillus_moniliformis_DSM_12112	0
BACT_1107	Firmicutes	Lactobacillales	Streptococcus	Streptococcus_agalactiae_NEM316	0
BACT_1108	Firmicutes	Lactobacillales	Streptococcus	Streptococcus_dysgalactiae_subsp._equisimilis_GGS_124	1
BACT_1109	Firmicutes	Lactobacillales	Streptococcus	Streptococcus_equi_subsp._equi_4047	1
BACT_1111	Firmicutes	Lactobacillales	Streptococcus	Streptococcus_gordonii_str._Challis_substr._CH1	1
BACT_1112	Firmicutes	Lactobacillales	Streptococcus	Streptococcus_infantarius_subsp._infantarius_ATCC_BAA-102	1
BACT_1113	Firmicutes	Lactobacillales	Streptococcus	Streptococcus_mutans_UA159	1
BACT_4004	Firmicutes	Lactobacillales	Streptococcus	Streptococcus_pneumoniae_AP200	1
BACT_1115	Firmicutes	Lactobacillales	Streptococcus	Streptococcus_pyogenes_MGAS10750	1
BACT_1116	Firmicutes	Lactobacillales	Streptococcus	Streptococcus_salivarius_SK126	1
BACT_1117	Firmicutes	Lactobacillales	Streptococcus	Streptococcus_sanguinis_SK36	1
BACT_1118	Firmicutes	Lactobacillales	Streptococcus	Streptococcus_sp._2_1_36FAA	1
BACT_1119	Firmicutes	Lactobacillales	Streptococcus	Streptococcus_suis_BM407	1
BACT_1120	Firmicutes	Lactobacillales	Streptococcus	Streptococcus_thermophilus_LMD-9	1
BACT_1121	Firmicutes	Lactobacillales	Streptococcus	Streptococcus_uberis_0140J	0
BACT_1122	Actinobacteria	Actinomycetales	Streptomyces	Streptomyces_albus_J1074	1
BACT_1126	Actinobacteria	Actinomycetales	Streptomyces	Streptomyces_ghanaensis_ATCC_14672	0
BACT_1127	Actinobacteria	Actinomycetales	Streptomyces	Streptomyces_griseoflavus_Tu4000	1
BACT_1129	Actinobacteria	Actinomycetales	Streptomyces	Streptomyces_hygroscopicus_ATCC_53653	1
BACT_1133	Actinobacteria	Actinomycetales	Streptomyces	Streptomyces_sp._C	0
BACT_1135	Actinobacteria	Actinomycetales	Streptomyces	Streptomyces_sp._SPB74	0
BACT_1136	Actinobacteria	Actinomycetales	Streptomyces	Streptomyces_sp._SPB78	1
BACT_1137	Actinobacteria	Actinomycetales	Streptomyces	Streptomyces_viridochromogenes_DSM_40736	1
BACT_1138	Actinobacteria	Actinomycetales	Streptosporangium	Streptosporangium_roseum_DSM_43021	0
BACT_1139	Firmicutes	Clostridiales	Subdoligranulum	Subdoligranulum_variabile_DSM_15176	1
BACT_1145	Proteobacteria	Campylobacterales	Sulfurospirillum	Sulfurospirillum_deleyianum_DSM_6946	0
BACT_1147	Firmicutes	Clostridiales	Symbiobacterium	Symbiobacterium_thermophilum_IAM_14863	1
BACT_1153	Cyanobacteria	Chroococcales	Synechococcus	Synechococcus_sp._JA-2-3B	0
BACT_1154	Cyanobacteria	Chroococcales	Synechococcus	Synechococcus_sp._JA-3-3Ab	0
BACT_1171	Proteobacteria	Rhodocyclales	Thauera	Thauera_sp._MZ1T	0
BACT_1172	Synergistetes	Synergistales	Thermanaerovibrio	Thermanaerovibrio_acidaminovorans_DSM_6589	0
BACT_1183	Actinobacteria	Actinomycetales	Thermobifida	Thermobifida_fusca_YX	0
BACT_1186	Actinobacteria	Actinomycetales	Thermomonospora	Thermomonospora_curvata_DSM_43183	0
BACT_1187	Firmicutes	Clostridiales	Thermosinus	Thermosinus_carboxydivorans_Nor1	0
BACT_1199	Proteobacteria	Hydrogenophilales	Thiobacillus	Thiobacillus_denitrificans_ATCC_25259	0
BACT_1201	Proteobacteria	Burkholderiales	Thiomonas	Thiomonas_intermedia_K12	0
BACT_1203	Spirochaetes	Spirochaetales	Treponema	Treponema_denticola_ATCC_35405	0
BACT_1204	Spirochaetes	Spirochaetales	Treponema	Treponema_pallidum_subsp._pallidum_SS14	0
BACT_1205	Spirochaetes	Spirochaetales	Treponema	Treponema_vincentii_ATCC_35580	0
BACT_1208	Actinobacteria	Actinomycetales	Tsukamurella	Tsukamurella_paurometabola_DSM_20162	0
BACT_1210	Bacteroidetes	Clostridiale	unidentified_eubacterium	unidentified_eubacterium_SCB49	0
BACT_1211	Tenericutes	Mycoplasmatales	Ureaplasma	Ureaplasma_parvum_serovar_6_str._ATCC_27818	0
BACT_1212	Tenericutes	Mycoplasmatales	Ureaplasma	Ureaplasma_urealyticum_serovar_9_str._ATCC_33175	0
BACT_1213	Firmicutes	Clostridiales	Veillonella	Veillonella_dispar_ATCC_17748	1
BACT_1214	Firmicutes	Clostridiales	Veillonella	Veillonella_parvula_DSM_2008	1
BACT_1215	Proteobacteria	Burkholderiales	Verminephrobacter	Verminephrobacter_eiseniae_EF01-2	0
BACT_1229	Proteobacteria	Vibrionales	Vibrio	Vibrio_fischeri_MJ11	0
BACT_1246	Lentisphaerae	Victivallales	Victivallis	Victivallis_vadensis_ATCC_BAA-548	0
BACT_1256	Proteobacteria	Campylobacterales	Wolinella	Wolinella_succinogenes_DSM_1740	0
BACT_1259	Proteobacteria	Xanthomonadales	Xanthomonas	Xanthomonas_campestris_pv._campestris_str._8004	0
BACT_1265	Actinobacteria	Actinomycetales	Xylanimonas	Xylanimonas_cellulosilytica_DSM_15894	0
BACT_1286	Actinobacteria	Actinomycetales	Streptomyces	Streptomyces_sp._Mg1	0
BACT_1289	Proteobacteria	Burkholderiales	Achromobacter	Achromobacter_piechaudii_ATCC_43553	0
BACT_1292	Proteobacteria	Burkholderiales	Acidovorax	Acidovorax_avenae_subsp._avenae_ATCC_19860	0
BACT_1296	Proteobacteria	Pseudomonadales	Acinetobacter	Acinetobacter_haemolyticus_ATCC_19194	0
BACT_38	Actinobacteria	Actinomycetales	Actinomyces	Actinomyces_odontolyticus_ATCC_17982	1
BACT_1302	Firmicutes	Lactobacillales	Aerococcus	Aerococcus_viridans_ATCC_11563	1
BACT_1303	Proteobacteria	Rhizobiales	Afipia	Afipia_sp._1NLS2	1
BACT_45	Proteobacteria	Pasteurellales	Aggregatibacter	Aggregatibacter_actinomycetemcomitans_D11S-1	0
BACT_1305	Proteobacteria	Burkholderiales	Alicycliphilus	Alicycliphilus_denitrificans_BC	1
BACT_1316	Bacteroidetes	Bacteroidales	Bacteroides	Bacteroides_sp._3_1_23	1
BACT_195	Bacteroidetes	Bacteroidales	Bacteroides	Bacteroides_thetaiotaomicron_VPI-5482	1
BACT_850	Bacteroidetes	Bacteroidales	Parabacteroides	Parabacteroides_distasonis_ATCC_8503	1
BACT_1319	Bacteroidetes	Bacteroidales	Bacteroides	Bacteroides_sp._D4	1
BACT_196	Bacteroidetes	Bacteroidales	Bacteroides	Bacteroides_vulgatus_ATCC_8482	1
BACT_1322	Bacteroidetes	Bacteroidales	Bacteroidetes	Bacteroidetes_oral_taxon_274_str._F0058	0
BACT_1324	Actinobacteria	Actinomycetales	Brevibacterium	Brevibacterium_mcbrellneri_ATCC_49030	0
BACT_1326	Firmicutes	Erysipelotrichales	Bulleidia	Bulleidia_extructa_W1219	0
BACT_1330	Proteobacteria	Campylobacterales	Campylobacter	Campylobacter_jejuni_subsp._Jejuni_1336	0
BACT_1331	Proteobacteria	Campylobacterales	Campylobacter	Campylobacter_jejuni_subsp._Jejuni_414	0
BACT_4032	Firmicutes	Clostridiales	Clostridium	Clostridium_difficile_complete_genome,_strain_CF5	0
BACT_1338	Firmicutes	Clostridiales	Clostridium	Clostridium_lentocellum_DSM_5427	0
BACT_1339	Firmicutes	Clostridiales	Clostridium	Clostridium_thermocellum_JW20	0
BACT_1340	Proteobacteria	Burkholderiales	Comamonas	Comamonas_testosteroni_S44	0
BACT_1341	Actinobacteria	Actinomycetales	Corynebacterium	Corynebacterium_ammoniagenes_DSM_20306	0
BACT_1342	Actinobacteria	Actinomycetales	Corynebacterium	Corynebacterium_resistens_DSM_45100	0
BACT_1345	Proteobacteria	Desulfovibrionales	Desulfovibrio	Desulfovibrio_aespoeensis_Aspo-2	1
BACT_1346	Proteobacteria	Desulfovibrionales	Desulfovibrio	Desulfovibrio_sp._FW1012B	1
BACT_515	Firmicutes	Lactobacillales	Enterococcus	Enterococcus_faecalis_V583	1
BACT_1355	Firmicutes	Lactobacillales	Enterococcus	Enterococcus_faecium_E1071	1
BACT_1360	Firmicutes	Lactobacillales	Enterococcus	Enterococcus_faecium_PC4.1	1
BACT_1386	Firmicutes	Clostridiales	Ethanoligenens	Ethanoligenens_harbinense_YUAN-3	1
BACT_1387	Firmicutes	Clostridiales	Filifactor	Filifactor_alocis_ATCC_35896	0
BACT_3036	Firmicutes	Clostridiales	Finegoldia	Finegoldia_magna_ATCC_29328	0
BACT_1396	Actinobacteria	Actinomycetales	Frankia	Frankia_symbiont_of_Datisca_glomerata	0
BACT_566	Fusobacteria	Fusobacteriales	Fusobacterium	Fusobacterium_nucleatum_subsp._nucleatum_ATCC_25586	1
BACT_1399	Fusobacteria	Fusobacteriales	Fusobacterium	Fusobacterium_sp._1_1_41FAA	1
BACT_1400	Fusobacteria	Fusobacteriales	Fusobacterium	Fusobacterium_sp._3_1_27	1
BACT_1587	Actinobacteria	Bifidobacteriales	Gardnerella	Gardnerella_vaginalis_409-05	0
BACT_1405	Proteobacteria	Pasteurellales	Haemophilus	Haemophilus_influenzae_HK1212	0
BACT_1590	Proteobacteria	Campylobacterales	Helicobacter	Helicobacter_pylori_B8	0
BACT_1593	Proteobacteria	Enterobacteriales	Klebsiella	Klebsiella_variicola_At-22	1
BACT_1409	Firmicutes	Lactobacillales	Lactobacillus	Lactobacillus_amylolyticus_DSM_11664	1
BACT_1595	Firmicutes	Lactobacillales	Lactobacillus	Lactobacillus_crispatus_ST1	0
BACT_666	Firmicutes	Lactobacillales	Lactobacillus	Lactobacillus_delbrueckii_subsp._bulgaricus_ATCC_11842	0
BACT_1413	Firmicutes	Lactobacillales	Lactobacillus	Lactobacillus_gasseri_224-1	1
BACT_1414	Firmicutes	Lactobacillales	Lactobacillus	Lactobacillus_iners_AB-1	1
BACT_3056	Firmicutes	Lactobacillales	Lactobacillus	Lactobacillus_jensenii_JV-V16	1
BACT_4019	Firmicutes	Lactobacillales	Lactobacillus	Lactobacillus_salivarius_CECT_5713	0
BACT_1426	Firmicutes	Clostridiales	Megasphaera	Megasphaera_genomosp._type_1_str._28L	1
BACT_761	Actinobacteria	Actinomycetales	Micrococcus	Micrococcus_luteus_NCTC_2665	1
BACT_1429	Actinobacteria	Actinomycetales	Micromonospora	Micromonospora_sp._L5	1
BACT_3069	Actinobacteria	Actinomycetales	Mobiluncus	Mobiluncus_mulieris_ATCC_35239	0
BACT_1438	Tenericutes	Mycoplasmatales	Mycoplasma	Mycoplasma_alligatoris_A21JP2	0
BACT_1439	Proteobacteria	Neisseriales	Neisseria	Neisseria_elongata_subsp._glycolytica_ATCC_29315	0
BACT_805	Proteobacteria	Neisseriales	Neisseria	Neisseria_gonorrhoeae_NCCP11945	0
BACT_1441	Proteobacteria	Neisseriales	Neisseria	Neisseria_polysaccharea_ATCC_43768	0
BACT_1442	Proteobacteria	Neisseriales	Neisseria	Neisseria_sp._oral_taxon_014_str._F0314	0
BACT_1443	Firmicutes	Lactobacillales	Oenococcus	Oenococcus_oeni_AWRIB429	0
BACT_1446	Actinobacteria	Bifidobacteriales	Parascardovia	Parascardovia_denticolens_F0305	0
BACT_3075	Firmicutes	Lactobacillales	Pediococcus	Pediococcus_acidilactici_DSM_20284	0
BACT_1448	Firmicutes	Clostridiales	Peptoniphilus	Peptoniphilus_lacrimalis_315-B	0
BACT_1449	Firmicutes	Clostridiales	Peptoniphilus	Peptoniphilus_sp._oral_taxon_386_str._F0131	0
BACT_1451	Firmicutes	Clostridiales	Peptostreptococcus	Peptostreptococcus_anaerobius_653-L	1
BACT_1452	Proteobacteria	Vibrionales	Photobacterium	Photobacterium_damselae_subsp._damselae_CIP_102761	0
BACT_1453	Bacteroidetes	Bacteroidales	Prevotella	Prevotella_bivia_JCVIHMP010	1
BACT_1454	Bacteroidetes	Bacteroidales	Prevotella	Prevotella_bryantii_B14	0
BACT_1455	Bacteroidetes	Bacteroidales	Prevotella	Prevotella_buccae_D17	1
BACT_1456	Bacteroidetes	Bacteroidales	Prevotella	Prevotella_buccalis_ATCC_35310	1
BACT_1457	Bacteroidetes	Bacteroidales	Prevotella	Prevotella_melaninogenica_D18	1
BACT_1458	Bacteroidetes	Bacteroidales	Prevotella	Prevotella_oris_C735	1
BACT_1459	Bacteroidetes	Bacteroidales	Prevotella	Prevotella_sp._oral_taxon_299_str._F0039	1
BACT_1460	Bacteroidetes	Bacteroidales	Prevotella	Prevotella_sp._oral_taxon_317_str._F0108	1
BACT_1461	Bacteroidetes	Bacteroidales	Prevotella	Prevotella_timonensis_CRIS_5C-B1	1
BACT_1471	Synergistetes	Synergistales	Pyramidobacter	Pyramidobacter_piscolens_W5455	0
BACT_1473	Actinobacteria	Actinomycetales	Rhodococcus	Rhodococcus_equi_ATCC_33707	0
BACT_1475	Proteobacteria	Rhizobiales	Rhodopseudomonas	Rhodopseudomonas_palustris_DX-1	1
BACT_1478	Actinobacteria	Actinomycetales	Rothia	Rothia_dentocariosa_M567	0
BACT_1479	Firmicutes	Clostridiales	Ruminococcus	Ruminococcus_albus_8	1
BACT_1480	Actinobacteria	Bifidobacteriales	Scardovia	Scardovia_inopinata_F0304	0
BACT_1481	Proteobacteria	Enterobacteriales	Serratia	Serratia_odorifera_4Rx13	1
BACT_1482	Proteobacteria	Enterobacteriales	Serratia	Serratia_odorifera_DSM_4582	0
BACT_1484	Proteobacteria	Neisseriales	Simonsiella	Simonsiella_muelleri_ATCC_29453	0
BACT_15	Actinobacteria	Actinomycetales	Acidothermus	Acidothermus_cellulolyticus_11B	0
BACT_1513	Firmicutes	Lactobacillales	Streptococcus	Streptococcus_oralis_ATCC_35037	1
BACT_1514	Firmicutes	Lactobacillales	Streptococcus	Streptococcus_parasanguinis_ATCC_15912	1
BACT_1517	Firmicutes	Lactobacillales	Streptococcus	Streptococcus_sp._M143	1
BACT_1519	Actinobacteria	Actinomycetales	Streptomyces	Streptomyces_clavuligerus_ATCC_27064	0
BACT_1522	Actinobacteria	Actinomycetales	Streptomyces	Streptomyces_sp._ACTE	0
BACT_1523	Actinobacteria	Actinomycetales	Streptomyces	Streptomyces_sp._e14	0
BACT_1525	Firmicutes	Erysipelotrichales	Turicibacter	Turicibacter_sp._PC909	1
BACT_1528	Firmicutes	Clostridiales	Veillonella	Veillonella_sp._6_1_27	1
BACT_1540	Firmicutes	Clostridiales	Acidaminococcus	Acidaminococcus_fermentans_DSM_20731	1
BACT_1545	Actinobacteria	Actinomycetales	Arcanobacterium	Arcanobacterium_haemolyticum_DSM_20595	0
BACT_1554	Actinobacteria	Bifidobacteriales	Bifidobacterium	Bifidobacterium_dentium_Bd1	1
BACT_1555	Actinobacteria	Bifidobacteriales	Bifidobacterium	Bifidobacterium_longum_subsp._longum_JDM301	1
BACT_1557	Spirochaetes	Spirochaetales	Brachyspira	Brachyspira_pilosicoli_95/1000	0
BACT_1558	Proteobacteria	Caulobacterales	Brevundimonas	Brevundimonas_subvibrioides_ATCC_15264	0
BACT_1563	Bacteroidetes	Flavobacteriales	Candidatus_Sulcia	Candidatus_Sulcia_muelleri_DMIN	0
BACT_1564	Proteobacteria	Caulobacterales	Caulobacter	Caulobacter_segnis_ATCC_21756	0
BACT_1566	Proteobacteria	Enterobacteriales	Citrobacter	Citrobacter_rodentium_ICC168	0
BACT_3017	Firmicutes	Clostridiales	Clostridiales	Clostridiales_genomosp._BVAB3_UPII9-5	0
BACT_1568	Firmicutes	Clostridiales	Clostridium	Clostridium_ljungdahlii_ATCC_49587	0
BACT_1569	Firmicutes	Clostridiales	Clostridium	Clostridium_saccharolyticum_WM1	1
BACT_1572	Actinobacteria	Actinomycetales	Corynebacterium	Corynebacterium_pseudotuberculosis_FRC41	0
BACT_1582	Proteobacteria	Enterobacteriales	Enterobacter	Enterobacter_cloacae_subsp._cloacae_ATCC_13047	1
BACT_1591	Proteobacteria	Burkholderiales	Herbaspirillum	Herbaspirillum_seropedicae_SmR1	0
BACT_1594	Firmicutes	Lactobacillales	Lactobacillus	Lactobacillus_casei_str._Zhang	0
BACT_1596	Firmicutes	Lactobacillales	Lactobacillus	Lactobacillus_johnsonii_FI9785	0
BACT_688	Firmicutes	Lactobacillales	Lactococcus	Lactococcus_lactis_subsp._lactis_Il1403	1
BACT_16	Proteobacteria	Burkholderiales	Acidovorax	Acidovorax_avenae_subsp._citrulli_AAC00-1	0
BACT_1600	Firmicutes	Lactobacillales	Leuconostoc	Leuconostoc_gasicomitatum_LMG_18811	0
BACT_1603	Firmicutes	Bacillales	Listeria	Listeria_monocytogenes_08-5923	0
BACT_1608	Proteobacteria	Pseudomonadales	Moraxella	Moraxella_catarrhalis_RH4	0
BACT_1609	Tenericutes	Mycoplasmatales	Mycoplasma	Mycoplasma_agalactiae	0
BACT_1610	Tenericutes	Mycoplasmatales	Mycoplasma	Mycoplasma_crocodyli_MP145	0
BACT_1611	Tenericutes	Mycoplasmatales	Mycoplasma	Mycoplasma_hominis	0
BACT_1614	Actinobacteria	Coriobacteriales	Olsenella	Olsenella_uli_DSM_7084	1
BACT_1615	Proteobacteria	Enterobacteriales	Pantoea	Pantoea_ananatis_LMG_20103	1
BACT_1617	Bacteroidetes	Bacteroidales	Prevotella	Prevotella_ruminicola_23	1
BACT_1619	Actinobacteria	Actinomycetales	Propionibacterium	Propionibacterium_freudenreichii_subsp._shermanii_CIRM-BIA1	0
BACT_1620	Proteobacteria	Burkholderiales	Ralstonia	Ralstonia_solanacearum_CFBP2957	0
BACT_1621	Proteobacteria	Burkholderiales	Ralstonia	Ralstonia_solanacearum_PSI07	1
BACT_1623	Bacteroidetes	Sphingobacteriales	Rhodothermus	Rhodothermus_marinus_DSM_4252	0
BACT_1624	Actinobacteria	Actinomycetales	Rothia	Rothia_mucilaginosa_DY-18	1
BACT_1630	Proteobacteria	Sphingomonadales	Sphingobium	Sphingobium_japonicum_UT26S	0
BACT_1635	Firmicutes	Bacillales	Staphylococcus	Staphylococcus_lugdunensis_HKU09-01	0
BACT_1637	Firmicutes	Lactobacillales	Streptococcus	Streptococcus_gallolyticus_UCN34	1
BACT_1638	Firmicutes	Lactobacillales	Streptococcus	Streptococcus_mitis_B6	1
BACT_1643	Actinobacteria	Actinomycetales	Thermobispora	Thermobispora_bispora_DSM_43833	0
BACT_1645	Firmicutes	Thermoanaerobacterales	Thermosediminibacter	Thermosediminibacter_oceani_DSM_16646	0
BACT_1646	Proteobacteria	Chromatiales	Thioalkalivibrio	Thioalkalivibrio_sp._K90mix	0
BACT_1653	Bacteroidetes	xanthomonadales	Zunongwangia	Zunongwangia_profunda_SM-A87	0
BACT_1654	Firmicutes	Erysipelotrichales	Erysipelotrichaceae	Erysipelotrichaceae_bacterium_5_2_54FAA	1
BACT_1657	Actinobacteria	Actinomycetales	Saccharopolyspora	Saccharopolyspora_erythraea_NRRL_2338	0
BACT_17	Proteobacteria	Burkholderiales	Acidovorax	Acidovorax_delafieldii_2AN	0
BACT_171	Bacteroidetes	Bacteroidales	Bacteroides	Bacteroides_caccae_ATCC_43185	1
BACT_172	Bacteroidetes	Bacteroidales	Bacteroides	Bacteroides_capillosus_ATCC_29799	1
BACT_173	Bacteroidetes	Bacteroidales	Bacteroides	Bacteroides_cellulosilyticus_DSM_14838	1
BACT_174	Bacteroidetes	Bacteroidales	Bacteroides	Bacteroides_coprocola_DSM_17136	1
BACT_175	Bacteroidetes	Bacteroidales	Bacteroides	Bacteroides_coprophilus_DSM_18228	1
BACT_177	Bacteroidetes	Bacteroidales	Bacteroides	Bacteroides_eggerthii_DSM_20697	1
BACT_178	Bacteroidetes	Bacteroidales	Bacteroides	Bacteroides_finegoldii_DSM_17565	1
BACT_4029	Bacteroidetes	Bacteroidales	Bacteroides	Bacteroides_fragilis_638R	1
BACT_488	Proteobacteria	Burkholderiales	Acidovorax	Acidovorax_ebreus_TPSY	0
BACT_180	Bacteroidetes	Bacteroidales	Bacteroides	Bacteroides_intestinalis_DSM_17393	1
BACT_182	Bacteroidetes	Bacteroidales	Bacteroides	Bacteroides_pectinophilus_ATCC_43243	1
BACT_183	Bacteroidetes	Bacteroidales	Bacteroides	Bacteroides_plebeius_DSM_17135	1
BACT_194	Bacteroidetes	Bacteroidales	Bacteroides	Bacteroides_stercoris_ATCC_43183	1
BACT_202	Proteobacteria	Baumannia	Baumannia	Baumannia_cicadellinicola_str._Hc	0
BACT_209	Actinobacteria	Actinomycetales	Beutenbergia	Beutenbergia_cavernae_DSM_12333	0
BACT_210	Actinobacteria	Bifidobacteriales	Bifidobacterium	Bifidobacterium_angulatum_DSM_20098	1
BACT_211	Actinobacteria	Bifidobacteriales	Bifidobacterium	Bifidobacterium_animalis_subsp._lactis_Bl-04	1
BACT_212	Actinobacteria	Bifidobacteriales	Bifidobacterium	Bifidobacterium_bifidum_NCIMB_41171	1
BACT_213	Actinobacteria	Bifidobacteriales	Bifidobacterium	Bifidobacterium_breve_DSM_20213	1
BACT_214	Actinobacteria	Bifidobacteriales	Bifidobacterium	Bifidobacterium_catenulatum_DSM_16992	1
BACT_216	Actinobacteria	Bifidobacteriales	Bifidobacterium	Bifidobacterium_gallicum_DSM_20093	1
BACT_219	Actinobacteria	Bifidobacteriales	Bifidobacterium	Bifidobacterium_longum_subsp._infantis_ATCC_15697	1
BACT_220	Actinobacteria	Bifidobacteriales	Bifidobacterium	Bifidobacterium_longum_subsp._infantis_CCUG_52486	1
BACT_221	Actinobacteria	Bifidobacteriales	Bifidobacterium	Bifidobacterium_pseudocatenulatum_DSM_20438	1
BACT_2222	Deinococcus-Thermus	Deinococcales	Deinococcus	Deinococcus_radiodurans_R1	0
BACT_223	Bacteroidetes	Flavobacteriales	Blattabacterium	Blattabacterium_sp.	0
BACT_224	Firmicutes	Clostridiales	Blautia	Blautia_hansenii_DSM_20583	1
BACT_225	Firmicutes	Clostridiales	Blautia	Blautia_hydrogenotrophica_DSM_10507	1
BACT_226	Proteobacteria	Burkholderiales	Bordetella	Bordetella_avium_197N	0
BACT_229	Proteobacteria	Burkholderiales	Bordetella	Bordetella_pertussis_Tohama_I	0
BACT_230	Proteobacteria	Burkholderiales	Bordetella	Bordetella_petrii_DSM_12804	0
BACT_24	Proteobacteria	Pseudomonadales	Acinetobacter	Acinetobacter_baumannii_SDF	0
BACT_240	Actinobacteria	Actinomycetales	Brachybacterium	Brachybacterium_faecium_DSM_4810	0
BACT_241	Spirochaetes	Spirochaetales	Brachyspira	Brachyspira_hyodysenteriae_WA1	0
BACT_242	Spirochaetes	Spirochaetales	Brachyspira	Brachyspira_murdochii_DSM_12563	0
BACT_243	Proteobacteria	Rhizobiales	Bradyrhizobium	Bradyrhizobium_japonicum_USDA_110	0
BACT_244	Proteobacteria	Rhizobiales	Bradyrhizobium	Bradyrhizobium_sp._BTAi1	0
BACT_245	Proteobacteria	Rhizobiales	Bradyrhizobium	Bradyrhizobium_sp._ORS278	1
BACT_247	Actinobacteria	Actinomycetales	Brevibacterium	Brevibacterium_linens_BL2	0
BACT_248	Proteobacteria	Caulobacterales	Brevundimonas	Brevundimonas_sp._BAL3	0
BACT_259	Firmicutes	Clostridiales	Bryantella	Bryantella_formatexigens_DSM_14469	1
BACT_26	Proteobacteria	Pseudomonadales	Acinetobacter	Acinetobacter_johnsonii_SH046	0
BACT_267	Proteobacteria	Burkholderiales	Burkholderia	Burkholderia_cenocepacia_J2315	0
BACT_27	Proteobacteria	Pseudomonadales	Acinetobacter	Acinetobacter_junii_SH205	0
BACT_272	Proteobacteria	Burkholderiales	Burkholderia	Burkholderia_multivorans_ATCC_17616	0
BACT_279	Proteobacteria	Burkholderiales	Burkholderia	Burkholderia_ubonensis_Bu	1
BACT_28	Proteobacteria	Pseudomonadales	Acinetobacter	Acinetobacter_lwoffii_SH145	0
BACT_282	Firmicutes	Clostridiales	Butyrivibrio	Butyrivibrio_crossotus_DSM_2876	1
BACT_284	Proteobacteria	Nautiliales	Caminibacter	Caminibacter_mediatlanticus_TB-2	0
BACT_3016	Proteobacteria	Campylobacterales	Campylobacter	Campylobacter_coli_JV20	0
BACT_286	Proteobacteria	Campylobacterales	Campylobacter	Campylobacter_concisus_13826	0
BACT_287	Proteobacteria	Campylobacterales	Campylobacter	Campylobacter_curvus_525.92	0
BACT_288	Proteobacteria	Campylobacterales	Campylobacter	Campylobacter_gracilis_RM3268	0
BACT_289	Proteobacteria	Campylobacterales	Campylobacter	Campylobacter_hominis_ATCC_BAA-381	0
BACT_3001	Proteobacteria	Pseudomonadales	Acinetobacter	Acinetobacter_radioresistens_SH164	0
BACT_292	Proteobacteria	Campylobacterales	Campylobacter	Campylobacter_jejuni_subsp._jejuni_BH-01-0142	0
BACT_295	Proteobacteria	Campylobacterales	Campylobacter	Campylobacter_lari_RM2100	0
BACT_296	Proteobacteria	Campylobacterales	Campylobacter	Campylobacter_rectus_RM3267	0
BACT_297	Proteobacteria	Campylobacterales	Campylobacter	Campylobacter_showae_RM3277	0
BACT_298	Proteobacteria	Campylobacterales	Campylobacter	Campylobacter_upsaliensis_RM3195	0
BACT_30	Proteobacteria	Pseudomonadales	Acinetobacter	Acinetobacter_sp._ADP1	0
BACT_300	TM7	TM7	TM7	Candidate_division_TM7_genomosp._GTL1	0
BACT_3004	Bacteroidetes	Bacteroidales	Bacteroides	Bacteroides_fragilis_3_1_12	1
BACT_3008	Bacteroidetes	Bacteroidales	Bacteroides	Bacteroides_uniformis_ATCC_8492	1
BACT_301	TM7	TM7	TM7	candidate_division_TM7_single-cell_isolate_TM7a	0
BACT_3011	Actinobacteria	Bifidobacteriales	Bifidobacterium	Bifidobacterium_adolescentis_L2-32	1
BACT_3015	Proteobacteria	Burkholderiales	Burkholderiales	Burkholderiales_bacterium_1_1_47	1
BACT_3018	Actinobacteria	Actinomycetales	Corynebacterium	Corynebacterium_accolens_ATCC_49726	1
BACT_302	TM7	TM7	TM7	Candidate_division_TM7_single-cell_isolate_TM7b	1
BACT_3020	Actinobacteria	Actinomycetales	Corynebacterium	Corynebacterium_efficiens	1
BACT_3021	Actinobacteria	Actinomycetales	Corynebacterium	Corynebacterium_glucuronalyticum_ATCC_51867	1
BACT_3022	Actinobacteria	Actinomycetales	Corynebacterium	Corynebacterium_jeikeium_ATCC_43734	0
BACT_3024	Proteobacteria	Desulfovibrionales	Desulfovibrio	Desulfovibrio_sp._3_1_syn3	1
BACT_303	TM7	TM7	TM7	candidate_division_TM7_single-cell_isolate_TM7c	0
BACT_3035	Firmicutes	Clostridiales	Eubacterium	Eubacterium_yurii_margaretiae_ATCC_43715	0
BACT_3037	Firmicutes	Clostridiales	Finegoldia	Finegoldia_magna_ATCC_53516	0
BACT_304	Proteobacteria	Accumulibacter	Candidatus	Candidatus_Accumulibacter_phosphatis_clade_IIA_str._UW-1	0
BACT_3041	Firmicutes	Lactobacillales	Lactobacillus	Lactobacillus_acidophilus_ATCC_4796	0
BACT_668	Firmicutes	Lactobacillales	Lactobacillus	Lactobacillus_fermentum_IFO_3956	1
BACT_3049	Firmicutes	Lactobacillales	Lactobacillus	Lactobacillus_helveticus_DSM_20075	1
BACT_679	Firmicutes	Lactobacillales	Lactobacillus	Lactobacillus_plantarum_WCFS1	1
BACT_306	Bacteroidetes	Bacteroidales	Candidatus_Azobacteroides	Candidatus_Azobacteroides_pseudotrichonymphae_genomovar._CFP2	0
BACT_3060	Firmicutes	Lactobacillales	Lactobacillus	Lactobacillus_reuteri_CF48-3A	1
BACT_681	Firmicutes	Lactobacillales	Lactobacillus	Lactobacillus_reuteri_JCM_1112	1
BACT_3064	Firmicutes	Lactobacillales	Lactobacillus	Lactobacillus_rhamnosus_GG,_ATCC_53103	1
BACT_3066	Firmicutes	Lactobacillales	Leuconostoc	Leuconostoc_mesenteroides_cremoris_ATCC_19254	1
BACT_767	Actinobacteria	Actinomycetales	Mobiluncus	Mobiluncus_curtisii_ATCC_43063	0
BACT_4041	Proteobacteria	Neisseriales	Neisseria	Neisseria_meningitidis_8013	0
BACT_3076	Firmicutes	Clostridiales	Peptoniphilus	Peptoniphilus_duerdenii_ATCC_BAA-1640	0
BACT_3080	Bacteroidetes	Bacteroidales	Prevotella	Prevotella_marshii_DSM_16973	1
BACT_3082	Proteobacteria	Enterobacteriales	Proteus	Proteus_mirabilis_ATCC_29906	1
BACT_3085	Firmicutes	Selenomonadales	Selenomonas	Selenomonas_sp._67H29BP_F0410	1
BACT_3094	Staphylococcus		Bacillales	Staphylococcus_epidermidis_M23864:W1_Firmicutes	0
BACT_3096	Firmicutes	Lactobacillales	Streptococcus	Streptococcus_bovis_ATCC_700338	0
BACT_3098	Firmicutes	Lactobacillales	Streptococcus	Streptococcus_mitis_ATCC_6249	1
BACT_3100	Firmicutes	Lactobacillales	Streptococcus	Streptococcus_sp._73H25AP_F0408	1
BACT_312	Firmicutes	Clostridiales	Candidatus_Desulforudis	Candidatus_Desulforudis_audaxviator_MP104C	0
BACT_319	Tenericutes	Acholeplasmatales	Candidatus_Phytoplasma	Candidatus_Phytoplasma_mali	0
BACT_322	Bacteroidetes	Flavobacteriales	Candidatus_Sulcia	Candidatus_Sulcia_muelleri_SMDSEM	0
BACT_325	Bacteroidetes	Flavobacteriales	Capnocytophaga	Capnocytophaga_gingivalis_ATCC_33624	0
BACT_326	Bacteroidetes	Flavobacteriales	Capnocytophaga	Capnocytophaga_ochracea_DSM_7271	0
BACT_327	Bacteroidetes	Flavobacteriales	Capnocytophaga	Capnocytophaga_sputigena_ATCC_33612_strain_Capno	0
BACT_33	Proteobacteria	Pasteurellales	Actinobacillus	Actinobacillus_minor_NM305	0
BACT_330	Proteobacteria	Cardiobacteriales	Cardiobacterium	Cardiobacterium_hominis_ATCC_15826	0
BACT_331	Firmicutes	Lactobacillales	Carnobacterium	Carnobacterium_sp._AT7	1
BACT_332	Firmicutes	Erysipelotrichales	Catenibacterium	Catenibacterium_mitsuokai_DSM_15897	1
BACT_333	Actinobacteria	Actinomycetales	Catenulispora	Catenulispora_acidiphila_DSM_44928	1
BACT_334	Firmicutes	Clostridiales	Catonella	Catonella_morbi_ATCC_51271	1
BACT_335	Proteobacteria	Caulobacterales	Caulobacter	Caulobacter_crescentus_NA1000	0
BACT_337	Actinobacteria	Actinomycetales	Cellulomonas	Cellulomonas_flavigena_DSM_20109	1
BACT_35	Proteobacteria	Pasteurellales	Actinobacillus	Actinobacillus_pleuropneumoniae_serovar_7_str._AP76	0
BACT_349	Chlorobi	Chlorobiales	Chlorobaculum	Chlorobaculum_parvum_NCIB_8327	0
BACT_355	Chlorobi	Chlorobiales	Chlorobium	Chlorobium_tepidum_TLS	0
BACT_36	Proteobacteria	Pasteurellales	Actinobacillus	Actinobacillus_succinogenes_130Z	0
BACT_360	Proteobacteria	Neisseriales	Chromobacterium	Chromobacterium_violaceum_ATCC_12472	1
BACT_361	Proteobacteria	Oceanospirillales	Chromohalobacter	Chromohalobacter_salexigens_DSM_3043	1
BACT_362	Bacteroidetes	Flavobacteriales	Chryseobacterium	Chryseobacterium_gleum_ATCC_35910	0
BACT_365	Proteobacteria	Enterobacteriales	Citrobacter	Citrobacter_koseri_ATCC_BAA-895	1
BACT_366	Proteobacteria	Enterobacteriales	Citrobacter	Citrobacter_sp.	1
BACT_367	Proteobacteria	Enterobacteriales	Citrobacter	Citrobacter_youngae_ATCC_29220	0
BACT_368	Actinobacteria	Actinomycetales	Clavibacter	Clavibacter_michiganensis_subsp._michiganensis_NCPPB_382	0
BACT_369	Firmicutes	Clostridiales	Clostridiales	Clostridiales_bacterium_1_7_47FAA_strain	1
BACT_37	Actinobacteria	Actinomycetales	Actinomyces	Actinomyces_coleocanis_DSM_15436	0
BACT_370	Firmicutes	Clostridiales	Clostridium	Clostridium_acetobutylicum_ATCC_824	0
BACT_371	Firmicutes	Clostridiales	Clostridium	Clostridium_asparagiforme_DSM_15981	1
BACT_372	Firmicutes	Clostridiales	Clostridium	Clostridium_bartlettii_DSM_16795	1
BACT_373	Firmicutes	Clostridiales	Clostridium	Clostridium_beijerinckii_NCIMB_8052	1
BACT_374	Firmicutes	Clostridiales	Clostridium	Clostridium_bolteae_ATCC_BAA-613	1
BACT_375	Firmicutes	Clostridiales	Clostridium	Clostridium_botulinum_A2_str._Kyoto	0
BACT_376	Firmicutes	Clostridiales	Clostridium	Clostridium_botulinum_B_str._Eklund_17B	1
BACT_380	Firmicutes	Clostridiales	Clostridium	Clostridium_botulinum_C_str._Eklund	1
BACT_381	Firmicutes	Clostridiales	Clostridium	Clostridium_botulinum_D_str._1873	0
BACT_383	Firmicutes	Clostridiales	Clostridium	Clostridium_botulinum_E3_str._Alaska_E43	1
BACT_386	Firmicutes	Clostridiales	Clostridium	Clostridium_butyricum_E4_str._BoNT_E_BL5262	1
BACT_387	Firmicutes	Clostridiales	Clostridium	Clostridium_carboxidivorans_P7	1
BACT_388	Firmicutes	Clostridiales	Clostridium	Clostridium_cellulolyticum_H10	0
BACT_389	Firmicutes	Clostridiales	Clostridium	Clostridium_cellulovorans_743B	1
BACT_39	Actinobacteria	Actinomycetales	Actinomyces	Actinomyces_sp._oral_taxon_848_str._F0332	0
BACT_391	Firmicutes	Clostridiales	Clostridium	Clostridium_hathewayi_DSM_13479	1
BACT_392	Firmicutes	Clostridiales	Clostridium	Clostridium_hiranonis_DSM_13275	1
BACT_393	Firmicutes	Clostridiales	Clostridium	Clostridium_hylemonae_DSM_15053	1
BACT_394	Firmicutes	Clostridiales	Clostridium	Clostridium_kluyveri_DSM_555	0
BACT_395	Firmicutes	Clostridiales	Clostridium	Clostridium_leptum_DSM_753	1
BACT_396	Firmicutes	Clostridiales	Clostridium	Clostridium_methylpentosum_DSM_5476	1
BACT_397	Firmicutes	Clostridiales	Clostridium	Clostridium_nexile_DSM_1787	1
BACT_398	Firmicutes	Clostridiales	Clostridium	Clostridium_novyi_NT	1
BACT_399	Firmicutes	Clostridiales	Clostridium	Clostridium_papyrosolvens_DSM_2782	1
BACT_4	Bacteroidetes	Flavobacteriales	Flavobacteriales	Flavobacteriales_bacterium_ALC-1	0
BACT_40	Actinobacteria	Actinomycetales	Actinomyces	Actinomyces_urogenitalis_DSM_15434	1
BACT_400	Firmicutes	Clostridiales	Clostridium	Clostridium_perfringens_ATCC_13124	1
BACT_4002	Euryarchaeota	Methanobacteriales	Methanosphaera	Methanosphaera_stadtmanae_DSM_3091	0
BACT_4036	Actinobacteria	Actinomycetales	Gordonia	Gordonia_bronchialis_DSM_43247	1
BACT_407	Firmicutes	Clostridiales	Clostridium	Clostridium_phytofermentans_ISDg	1
BACT_408	Firmicutes	Erysipelotrichales	Clostridium	Clostridium_ramosum_DSM_1402	1
BACT_409	Firmicutes	Clostridiales	Clostridium	Clostridium_scindens_ATCC_35704	1
BACT_41	Actinobacteria	Actinomycetales	Actinosynnema	Actinosynnema_mirum_DSM_43827	1
BACT_410	Firmicutes	Clostridiales	Clostridium	Clostridium_sp._7_2_43FAA	1
BACT_411	Firmicutes	Clostridiales	Clostridium	Clostridium_sp._L2-50	1
BACT_412	Firmicutes	Clostridiales	Clostridium	Clostridium_sp._M62/1	1
BACT_413	Firmicutes	Clostridiales	Clostridium	Clostridium_sp._SS2/1	1
BACT_414	Firmicutes	Erysipelotrichales	Clostridium	Clostridium_spiroforme_DSM_1552	1
BACT_415	Firmicutes	Clostridiales	Clostridium	Clostridium_sporogenes_ATCC_15579	1
BACT_416	Firmicutes	Clostridiales	Clostridium	Clostridium_tetani_E88	0
BACT_418	Actinobacteria	Coriobacteriales	Collinsella	Collinsella_aerofaciens_ATCC_25986	1
BACT_419	Actinobacteria	Coriobacteriales	Collinsella	Collinsella_intestinalis_DSM_13280	1
BACT_42	Actinobacteria	Actinomycetales	Aeromicrobium	Aeromicrobium_marinum_DSM_15272	0
BACT_420	Actinobacteria	Coriobacteriales	Collinsella	Collinsella_stercoris_DSM_13279	1
BACT_422	Proteobacteria	Burkholderiales	Comamonas	Comamonas_testosteroni_KF-1	0
BACT_424	Firmicutes	Clostridiales	Coprococcus	Coprococcus_comes_ATCC_27758	1
BACT_425	Firmicutes	Clostridiales	Coprococcus	Coprococcus_eutactus_ATCC_27759	1
BACT_428	Actinobacteria	Actinomycetales	Corynebacterium	Corynebacterium_amycolatum_SK46	0
BACT_429	Actinobacteria	Actinomycetales	Corynebacterium	Corynebacterium_diphtheriae_NCTC_13129	0
BACT_43	Proteobacteria	Aeromonadales	Aeromonas	Aeromonas_hydrophila_subsp._hydrophila_ATCC_7966	1
BACT_430	Actinobacteria	Actinomycetales	Corynebacterium	Corynebacterium_genitalium_ATCC_33030	0
BACT_432	Actinobacteria	Actinomycetales	Corynebacterium	Corynebacterium_glutamicum_R	0
BACT_433	Actinobacteria	Actinomycetales	Corynebacterium	Corynebacterium_kroppenstedtii_DSM_44385	0
BACT_434	Actinobacteria	Actinomycetales	Corynebacterium	Corynebacterium_lipophiloflavum_DSM_44291	0
BACT_435	Actinobacteria	Actinomycetales	Corynebacterium	Corynebacterium_matruchotii_ATCC_33806	0
BACT_438	Actinobacteria	Actinomycetales	Corynebacterium	Corynebacterium_tuberculostearicum_SK141	1
BACT_437	Actinobacteria	Actinomycetales	Corynebacterium	Corynebacterium_striatum_ATCC_6940	0
BACT_439	Actinobacteria	Actinomycetales	Corynebacterium	Corynebacterium_urealyticum_DSM_7109	0
BACT_442	Bacteroidetes	Flavobacteriales	Croceibacter	Croceibacter_atlanticus_HTCC2559	0
BACT_444	Proteobacteria	Enterobacteriales	Cronobacter	Cronobacter_turicensis	1
BACT_445	Actinobacteria	Coriobacteriales	Cryptobacterium	Cryptobacterium_curtum_DSM_15641	0
BACT_456	Proteobacteria	Rhodocyclales	Dechloromonas	Dechloromonas_aromatica_RCB	0
BACT_457	Chloroflexi	Chloroflexi	Dehalococcoides	Dehalococcoides_ethenogenes_195	0
BACT_46	Proteobacteria	Pasteurellales	Aggregatibacter	Aggregatibacter_aphrophilus_NJ8700	0
BACT_462	Proteobacteria	Burkholderiales	Delftia	Delftia_acidovorans_SPH-1	0
BACT_466	Firmicutes	Clostridiales	Desulfitobacterium	Desulfitobacterium_hafniense_Y51	0
BACT_469	Proteobacteria	Desulfovibrionales	Desulfomicrobium	Desulfomicrobium_baculatum_DSM_4028	0
BACT_47	Proteobacteria	Rhizobiales	Agrobacterium	Agrobacterium_tumefaciens_str._C58_chromosome_circular	0
BACT_474	Proteobacteria	Desulfovibrionales	Desulfovibrio	Desulfovibrio_desulfuricans_G20	1
BACT_475	Proteobacteria	Desulfovibrionales	Desulfovibrio	Desulfovibrio_desulfuricans_subsp._desulfuricans_str._ATCC_27774	1
BACT_476	Proteobacteria	Desulfovibrionales	Desulfovibrio	Desulfovibrio_magneticus_RS-1	1
BACT_477	Proteobacteria	Desulfovibrionales	Desulfovibrio	Desulfovibrio_piger_ATCC_29098	1
BACT_482	Proteobacteria	Desulfovibrionales	Desulfovibrio	Desulfovibrio_vulgaris_subsp._vulgaris_str._Hildenborough	0
BACT_48	Proteobacteria	Rhizobiales	Agrobacterium	Agrobacterium_tumefaciens_str._C58_chromosome_linear	0
BACT_480	Proteobacteria	Desulfovibrionales	Desulfovibrio	Desulfovibrio_vulgaris_str._Miyazaki_F	1
BACT_487	Firmicutes	Clostridiales	Dialister	Dialister_invisus_DSM_15470	1
BACT_489	Proteobacteria	Cardiobacteriales	Dichelobacter	Dichelobacter_nodosus_VCS1703A	0
BACT_49	Verrucomicrobia	Verrucomicrobiales	Akkermansia	Akkermansia_muciniphila_ATCC_BAA-835	1
BACT_494	Bacteroidetes	Flavobacteriales	Dokdonia	Dokdonia_donghaensis_MED134	0
BACT_495	Firmicutes	Clostridiales	Dorea	Dorea_formicigenerans_ATCC_27755	1
BACT_496	Firmicutes	Clostridiales	Dorea	Dorea_longicatena_DSM_13814	1
BACT_499	Actinobacteria	Coriobacteriales	Eggerthella	Eggerthella_lenta_DSM_2243	1
BACT_5	Firmicutes	Lactobacillales	Abiotrophia	Abiotrophia_defectiva_ATCC_49176	1
BACT_5001	Firmicutes	Selenomonadales	Megasphaera	Megasphaera_micronuciformis	1
BACT_5002	Firmicutes	Selenomonadales	Selenomonas	Selenomonas_artemidis	0
BACT_5003	Firmicutes	Selenomonadales	Solobacterium	Solobacterium_moorei	1
BACT_5004	Spirochaetes	Spirochaetales	Treponema	Treponema_phagedenis_(biotype_Kazan_5)	0
BACT_5005	Actinobacteria	Actinomycetales	Actinomyces	Actinomyces_sp._oral_taxon_171	1
BACT_504	Proteobacteria	Neisseriales	Eikenella	Eikenella_corrodens_ATCC_23834	1
BACT_507	Proteobacteria	Pseudomonadales	Enhydrobacter	Enhydrobacter_aerosaccus_SK60	0
BACT_508	Proteobacteria	Enterobacteriales	Enterobacter	Enterobacter_cancero_ATCC_35316	1
BACT_509	Proteobacteria	Enterobacteriales	Cronobacter	Cronobacter_sakazakii_ATCC_BAA-894	1
BACT_510	Proteobacteria	Enterobacteriales	Enterobacter	Enterobacter_sp._638	1
BACT_518	Firmicutes	Lactobacillales	Enterococcus	Enterococcus_gallinarum_EG2	0
BACT_523	Firmicutes	Erysipelotrichales	Erysipelothrix	Erysipelothrix_rhusiopathiae_ATCC_19414	0
BACT_527	Proteobacteria	Enterobacteriales	Escherichia	Escherichia_albertii_TW07627	1
BACT_53	Bacteroidetes	Bacteroidales	Alistipes	Alistipes_putredinis_DSM_17216	1
BACT_532	Proteobacteria	Enterobacteriales	Escherichia	Escherichia_fergusonii_ATCC_35469	1
BACT_535	Firmicutes	Erysipelotrichales	Eubacterium	Eubacterium_biforme_DSM_3989	1
BACT_536	Firmicutes	Erysipelotrichales	Eubacterium	Eubacterium_dolichum_DSM_3991	1
BACT_537	Firmicutes	Clostridiales	Eubacterium	Eubacterium_eligens_ATCC_27750	1
BACT_538	Firmicutes	Clostridiales	Eubacterium	Eubacterium_hallii_DSM_3353	1
BACT_539	Firmicutes	Clostridiales	Eubacterium	Eubacterium_rectale_ATCC_33656	1
BACT_54	Proteobacteria	Chromatiales	Alkalilimnicola	Alkalilimnicola_ehrlichii_MLHE-1	1
BACT_540	Firmicutes	Clostridiales	Eubacterium	Eubacterium_saphenum_ATCC_49989	0
BACT_541	Firmicutes	Clostridiales	Eubacterium	Eubacterium_siraeum_DSM_15702	1
BACT_542	Firmicutes	Clostridiales	Eubacterium	Eubacterium_ventriosum_ATCC_27560	1
BACT_545	Firmicutes	Clostridiales	Faecalibacterium	Faecalibacterium_prausnitzii_A2-165	1
BACT_546	Firmicutes	Clostridiales	Faecalibacterium	Faecalibacterium_prausnitzii_M21/2	1
BACT_549	Bacteroidetes	Flavobacteriales	Flavobacteria	Flavobacteria_bacterium_BAL38	0
BACT_550	Bacteroidetes	Flavobacteriales	Flavobacteria	Flavobacteria_bacterium_BBFL7	0
BACT_551	Bacteroidetes	Flavobacteriales	Flavobacteria	Flavobacteria_bacterium_MS024-2A	0
BACT_552	Bacteroidetes	Flavobacteriales	Flavobacteria	Flavobacteria_bacterium_MS024-3C	0
BACT_553	Bacteroidetes	Flavobacteriales	Flavobacteriaceae	Flavobacteriaceae_bacterium_3519-10	0
BACT_554	Bacteroidetes	Flavobacteriales	Flavobacteriales	Flavobacteriales_bacterium_HTCC2170	0
BACT_555	Bacteroidetes	Flavobacteriales	Flavobacterium	Flavobacterium_johnsoniae_UW101	0
BACT_556	Bacteroidetes	Flavobacteriales	Flavobacterium	Flavobacterium_psychrophilum_JIP02/86	0
BACT_56	Firmicutes	Clostridiales	Alkaliphilus	Alkaliphilus_oremlandii_OhILAs	0
BACT_563	Fusobacteria	Fusobacteriales	Fusobacterium	Fusobacterium_gonidiaformans_ATCC_25563	0
BACT_564	Fusobacteria	Fusobacteriales	Fusobacterium	Fusobacterium_mortiferum_ATCC_9817	1
BACT_565	Fusobacteria	Fusobacteriales	Fusobacterium	Fusobacterium_nucleatum_subsp._polymorphum_ATCC_10953	1
BACT_568	Fusobacteria	Fusobacteriales	Fusobacterium	Fusobacterium_periodonticum_ATCC_33693	1
BACT_569	Fusobacteria	Fusobacteriales	Fusobacterium	Fusobacterium_sp._2_1_31	1
BACT_57	Proteobacteria	Chromatiales	Allochromatium	Allochromatium_vinosum_DSM_180	1
BACT_574	Fusobacteria	Fusobacteriales	Fusobacterium	Fusobacterium_sp._7_1	1
BACT_576	Fusobacteria	Fusobacteriales	Fusobacterium	Fusobacterium_sp._D12	0
BACT_577	Fusobacteria	Fusobacteriales	Fusobacterium	Fusobacterium_ulcerans_ATCC_49185	1
BACT_578	Fusobacteria	Fusobacteriales	Fusobacterium	Fusobacterium_varium_ATCC_27725	0
BACT_584	Actinobacteria	Bifidobacteriales	Gardnerella	Gardnerella_vaginalis_ATCC_14019	0
BACT_585	Firmicutes	Bacillales	Gemella	Gemella_haemolysans_ATCC_10379	1
BACT_604	Actinobacteria	Actinomycetales	Geodermatophilus	Geodermatophilus_obscurus_DSM_43160	1
BACT_610	Bacteroidetes	Flavobacteriales	Gramella	Gramella_forsetii_KT0803	0
BACT_612	Firmicutes	Lactobacillales	Granulicatella	Granulicatella_adiacens_ATCC_49175	1
BACT_613	Firmicutes	Lactobacillales	Granulicatella	Granulicatella_elegans_ATCC_700633	1
BACT_615	Proteobacteria	Pasteurellales	Haemophilus	Haemophilus_ducreyi_35000HP	1
BACT_618	Proteobacteria	Pasteurellales	Haemophilus	Haemophilus_influenzae_R2866	1
BACT_619	Proteobacteria	Pasteurellales	Haemophilus	Haemophilus_somnus_2336	0
BACT_621	Proteobacteria	Chromatiales	Halorhodospira	Halorhodospira_halophila_SL1	0
BACT_624	Proteobacteria	Campylobacterales	Helicobacter	Helicobacter_acinonychis_str._Sheeba	0
BACT_634	Firmicutes	Clostridiales	Heliobacterium	Heliobacterium_modesticaldum_Ice1	1
BACT_635	Proteobacteria	Burkholderiales	Herminiimonas	Herminiimonas_arsenicoxydans	0
BACT_639	Firmicutes	Erysipelotrichales	Holdemania	Holdemania_filiformis_DSM_12042	1
BACT_645	Actinobacteria	Actinomycetales	Janibacter	Janibacter_sp._HTCC2649	0
BACT_647	Proteobacteria	Burkholderiales	Janthinobacterium	Janthinobacterium_sp._Marseille	0
BACT_648	Actinobacteria	Actinomycetales	Jonesia	Jonesia_denitrificans_DSM_20603	0
BACT_649	Synergistetes	Synergistales	Jonquetella	Jonquetella_anthropi_E3_33_E1	0
BACT_65	Firmicutes	Clostridiales	Anaerococcus	Anaerococcus_hydrogenalis_DSM_7454	1
BACT_651	Actinobacteria	Actinomycetales	Kineococcus	Kineococcus_radiotolerans_SRS30216	0
BACT_652	Proteobacteria	Neisseriales	Kingella	Kingella_oralis_ATCC_51147	0
BACT_653	Proteobacteria	Enterobacteriales	Klebsiella	Klebsiella_pneumoniae_subsp._rhinoscleromatis_ATCC_13884	1
BACT_654	Actinobacteria	Actinomycetales	Kocuria	Kocuria_rhizophila_DC2201	1
BACT_655	Bacteroidetes	Flavobacteriales	Kordia	Kordia_algicida_OT-1	0
BACT_657	Actinobacteria	Actinomycetales	Kribbella	Kribbella_flavida_DSM_17836	1
BACT_658	Actinobacteria	Actinomycetales	Kytococcus	Kytococcus_sedentarius_DSM_20547	1
BACT_66	Firmicutes	Clostridiales	Anaerococcus	Anaerococcus_lactolyticus_ATCC_51172	0
BACT_661	Firmicutes	Lactobacillales	Lactobacillus	Lactobacillus_antri_DSM_16041	1
BACT_664	Firmicutes	Lactobacillales	Lactobacillus	Lactobacillus_coleohominis_101-4-CHN	1
BACT_67	Firmicutes	Clostridiales	Anaerococcus	Anaerococcus_prevotii_DSM_20548	0
BACT_670	Firmicutes	Lactobacillales	Lactobacillus	Lactobacillus_gasseri_JV-V03	1
BACT_68	Firmicutes	Clostridiales	Anaerococcus	Anaerococcus_tetradius_ATCC_35098	0
BACT_680	Firmicutes	Lactobacillales	Lactobacillus	Lactobacillus_reuteri_100-23	1
BACT_683	Firmicutes	Lactobacillales	Lactobacillus	Lactobacillus_ruminis_ATCC_25644	1
BACT_684	Firmicutes	Lactobacillales	Lactobacillus	Lactobacillus_sakei_subsp._sakei_23K	1
BACT_685	Firmicutes	Lactobacillales	Lactobacillus	Lactobacillus_ultunensis_DSM_16047	1
BACT_686	Firmicutes	Lactobacillales	Lactobacillus	Lactobacillus_vaginalis_ATCC_49540	1
BACT_687	Firmicutes	Lactobacillales	Lactococcus	Lactococcus_lactis_subsp._cremoris_MG1363	1
BACT_689	Proteobacteria	Neisseriales	Laribacter	Laribacter_hongkongensis_HLHK9	1
BACT_69	Firmicutes	Clostridiales	Anaerococcus	Anaerococcus_vaginalis_ATCC_51170	1
BACT_691	Bacteroidetes	Flavobacteriales	Leeuwenhoekiella	Leeuwenhoekiella_blandensis_MED217	0
BACT_694	Actinobacteria	Actinomycetales	Leifsonia	Leifsonia_xyli_subsp._xyli_str._CTCB07	0
BACT_699	Proteobacteria	Burkholderiales	Leptothrix	Leptothrix_cholodnii_SP-6	0
BACT_70	Firmicutes	Clostridiales	Anaerofustis	Anaerofustis_stercorihominis_DSM_17244	0
BACT_700	Fusobacteria	Fusobacteriales	Leptotrichia	Leptotrichia_buccalis_DSM_1135	0
BACT_701	Fusobacteria	Fusobacteriales	Leptotrichia	Leptotrichia_goodfellowii_F0264	0
BACT_702	Fusobacteria	Fusobacteriales	Leptotrichia	Leptotrichia_hofstadii_F0254	0
BACT_703	Firmicutes	Lactobacillales	Leuconostoc	Leuconostoc_citreum_KM20	1
BACT_720	Proteobacteria	Neisseriales	Lutiella	Lutiella_nitroferrum_2002	1
BACT_723	Firmicutes	Bacillales	Macrococcus	Macrococcus_caseolyticus_JCSC5402	0
BACT_727	Proteobacteria	Pasteurellales	Mannheimia	Mannheimia_haemolytica_serotype_A2_str._OVINE	0
BACT_728	Proteobacteria	Pasteurellales	Mannheimia	Mannheimia_succiniciproducens_MBEL55E	0
BACT_74	Firmicutes	Clostridiales	Anaerostipes	Anaerostipes_caccae_DSM_14662	1
BACT_741	Tenericutes	Entomoplasmatales	Mesoplasma	Mesoplasma_florum_L1	0
BACT_746	Proteobacteria	Burkholderiales	Methylibium	Methylibium_petroleiphilum_PM1	1
BACT_747	Proteobacteria	Methylophilales	Methylobacillus	Methylobacillus_flagellatus_KT	0
BACT_75	Firmicutes	Clostridiales	Anaerotruncus	Anaerotruncus_colihominis_DSM_17241	1
BACT_753	Proteobacteria	Rhizobiales	Methylobacterium	Methylobacterium_radiotolerans_JCM_2831	1
BACT_756	Proteobacteria	Methylococcales	Methylococcus	Methylococcus_capsulatus_str._Bath	0
BACT_760	Proteobacteria	Methylophilales	Methylovorus	Methylovorus_sp._SIP3-4	0
BACT_764	Actinobacteria	Actinomycetales	Micromonospora	Micromonospora_sp._ATCC_39149	0
BACT_766	Firmicutes	Clostridiales	Mitsuokella	Mitsuokella_multacida_DSM_20544	1
BACT_770	Firmicutes	Thermoanaerobacterales	Moorella	Moorella_thermoacetica_ATCC	1
BACT_772	Actinobacteria	Actinomycetales	Mycobacterium	Mycobacterium_abscessus	0
BACT_773	Actinobacteria	Actinomycetales	Mycobacterium	Mycobacterium_avium	1
BACT_775	Actinobacteria	Actinomycetales	Mycobacterium	Mycobacterium_gilvum_PYR-GCK	0
BACT_780	Actinobacteria	Actinomycetales	Mycobacterium	Mycobacterium_smegmatis_str._MC2_155	0
BACT_781	Actinobacteria	Actinomycetales	Mycobacterium	Mycobacterium_sp._JLS	0
BACT_787	Tenericutes	Mycoplasmatales	Mycoplasma	Mycoplasma_arthritidis_158L3-1	0
BACT_788	Tenericutes	Mycoplasmatales	Mycoplasma	Mycoplasma_capricolum_subsp._capricolum_ATCC_27343	0
BACT_792	Tenericutes	Mycoplasmatales	Mycoplasma	Mycoplasma_mobile_163K	0
BACT_793	Tenericutes	Mycoplasmatales	Mycoplasma	Mycoplasma_mycoides_subsp._mycoides_SC_str._PG1	0
BACT_799	Actinobacteria	Actinomycetales	Nakamurella	Nakamurella_multipartita_DSM_44233	0
BACT_8	Tenericutes	Acholeplasmatales	Acholeplasma	Acholeplasma_laidlawii_PG-8A	0
BACT_80	Proteobacteria	Campylobacterales	Arcobacter	Arcobacter_butzleri_RM4018	0
BACT_802	Proteobacteria	Neisseriales	Neisseria	Neisseria_cinerea_ATCC_14685	0
BACT_803	Proteobacteria	Neisseriales	Neisseria	Neisseria_flavescens_NRL30031/H210	0
BACT_804	Proteobacteria	Neisseriales	Neisseria	Neisseria_flavescens_SK114	0
BACT_806	Proteobacteria	Neisseriales	Neisseria	Neisseria_lactamica_ATCC_23970	0
BACT_808	Proteobacteria	Neisseriales	Neisseria	Neisseria_mucosa_ATCC_25996	0
BACT_809	Proteobacteria	Neisseriales	Neisseria	Neisseria_sicca_ATCC_29256	0
BACT_81	Proteobacteria	Rhodocyclales	Aromatoleum	Aromatoleum_aromaticum_EbN1	1
BACT_810	Proteobacteria	Neisseriales	Neisseria	Neisseria_subflava_NJ9703	0
BACT_815	Proteobacteria	Rhizobiales	Nitrobacter	Nitrobacter_hamburgensis_X14	0
BACT_82	Actinobacteria	Actinomycetales	Arthrobacter	Arthrobacter_aurescens_TC1	0
BACT_823	Actinobacteria	Actinomycetales	Nocardia	Nocardia_farcinica_IFM_10152	0
BACT_824	Actinobacteria	Actinomycetales	Nocardioides	Nocardioides_sp._JS614	0
BACT_825	Actinobacteria	Actinomycetales	Nocardiopsis	Nocardiopsis_dassonvillei_subsp._dassonvillei_DSM_43111	1
BACT_829	Proteobacteria	Sphingomonadales	Novosphingobium	Novosphingobium_aromaticivorans_DSM_12444	1
BACT_83	Actinobacteria	Actinomycetales	Arthrobacter	Arthrobacter_chlorophenolicus_A6	1
BACT_838	Proteobacteria	Rhizobiales	Oligotropha	Oligotropha_carboxidovorans_OM5	1
BACT_84	Actinobacteria	Actinomycetales	Arthrobacter	Arthrobacter_sp._FB24	1
BACT_842	Firmicutes	Clostridiales	Oribacterium	Oribacterium_sinus_F0268	1
BACT_843	Firmicutes	Clostridiales	Oribacterium	Oribacterium_sp._oral_taxon_078_str._F0262	0
BACT_846	Proteobacteria	Burkholderiales	Oxalobacter	Oxalobacter_formigenes_HOxBLS	0
BACT_847	Proteobacteria	Burkholderiales	Oxalobacter	Oxalobacter_formigenes_OXCC13	0
BACT_851	Bacteroidetes	Bacteroidales	Parabacteroides	Parabacteroides_johnsonii_DSM_18315	1
BACT_852	Bacteroidetes	Bacteroidales	Parabacteroides	Parabacteroides_merdae_ATCC_43184	1
BACT_855	Firmicutes	Clostridiales	Parvimonas	Parvimonas_micra_ATCC_33270	1
BACT_857	Proteobacteria	Pasteurellales	Pasteurella	Pasteurella_dagmatis_ATCC_43325	0
BACT_858	Proteobacteria	Pasteurellales	Pasteurella	Pasteurella_multocida_subsp._multocida_str._Pm70	1
BACT_863	Firmicutes	Lactobacillales	Pediococcus	Pediococcus_pentosaceus_ATCC_25745	1
BACT_870	Firmicutes	Clostridiales	Pelotomaculum	Pelotomaculum_thermopropionicum_SI	1
BACT_874	Proteobacteria	Caulobacterales	Phenylobacterium	Phenylobacterium_zucineum_HLK1	1
BACT_884	Bacteroidetes	Flavobacteriales	Polaribacter	Polaribacter_irgensii_23-P	0
BACT_885	Bacteroidetes	Flavobacteriales	Polaribacter	Polaribacter_sp._MED152	0
BACT_886	Proteobacteria	Burkholderiales	Polaromonas	Polaromonas_naphthalenivorans_CJ2	1
BACT_887	Proteobacteria	Burkholderiales	Polaromonas	Polaromonas_sp._JS666	0
BACT_889	Bacteroidetes	Bacteroidales	Porphyromonas	Porphyromonas_endodontalis_ATCC_35406	0
BACT_89	Actinobacteria	Coriobacteriales	Atopobium	Atopobium_parvulum_DSM_20469	1
BACT_890	Bacteroidetes	Bacteroidales	Porphyromonas	Porphyromonas_gingivalis_ATCC_33277	0
BACT_891	Bacteroidetes	Bacteroidales	Porphyromonas	Porphyromonas_uenonis_60-3	0
BACT_892	Bacteroidetes	Bacteroidales	Prevotella	Prevotella_bergensis_DSM_17361	1
BACT_893	Bacteroidetes	Bacteroidales	Prevotella	Prevotella_copri_DSM_18205	1
BACT_894	Bacteroidetes	Bacteroidales	Prevotella	Prevotella_melaninogenica_ATCC_25845	1
BACT_896	Bacteroidetes	Bacteroidales	Prevotella	Prevotella_sp._oral_taxon_472_str._F0295	1
BACT_897	Bacteroidetes	Bacteroidales	Prevotella	Prevotella_tannerae_ATCC_51259	1
BACT_898	Bacteroidetes	Bacteroidales	Prevotella	Prevotella_veroralis_F0319	1
BACT_9	Firmicutes	Clostridiales	Acidaminococcus	Acidaminococcus_sp._D21	1
BACT_90	Actinobacteria	Coriobacteriales	Atopobium	Atopobium_rimae_ATCC_49626	1
BACT_91	Actinobacteria	Coriobacteriales	Atopobium	Atopobium_vaginae_DSM_15829	1
BACT_913	Proteobacteria	Enterobacteriales	Proteus	Proteus_penneri_ATCC_35198	1
BACT_914	Proteobacteria	Enterobacteriales	Providencia	Providencia_alcalifaciens_DSM_30120	1
BACT_915	Proteobacteria	Enterobacteriales	Providencia	Providencia_rettgeri_DSM_1131	0
BACT_916	Proteobacteria	Enterobacteriales	Providencia	Providencia_rustigianii_DSM_4541	1
BACT_917	Proteobacteria	Enterobacteriales	Providencia	Providencia_stuartii_ATCC_25827	1
BACT_921	Proteobacteria	Pseudomonadales	Pseudomonas	Pseudomonas_aeruginosa_LESB58	0
BACT_922	Proteobacteria	Pseudomonadales	Pseudomonas	Pseudomonas_entomophila_L48	1
BACT_923	Proteobacteria	Pseudomonadales	Pseudomonas	Pseudomonas_fluorescens_Pf-5	0
BACT_924	Proteobacteria	Pseudomonadales	Pseudomonas	Pseudomonas_fluorescens_Pf0-1	0
BACT_925	Proteobacteria	Pseudomonadales	Pseudomonas	Pseudomonas_fluorescens_SBW25	0
BACT_926	Proteobacteria	Pseudomonadales	Pseudomonas	Pseudomonas_mendocina_ymp	0
BACT_927	Proteobacteria	Pseudomonadales	Pseudomonas	Pseudomonas_putida_F1	1
BACT_928	Proteobacteria	Pseudomonadales	Pseudomonas	Pseudomonas_putida_GB-1	1
BACT_93	Proteobacteria	Rhodocyclales	Azoarcus	Azoarcus_sp._BH72	1
BACT_930	Proteobacteria	Pseudomonadales	Pseudomonas	Pseudomonas_putida_W619	1
BACT_931	Proteobacteria	Pseudomonadales	Pseudomonas	Pseudomonas_sp._UK4	0
BACT_932	Proteobacteria	Pseudomonadales	Pseudomonas	Pseudomonas_stutzeri_A1501	0
BACT_942	Proteobacteria	Pseudomonadales	Psychrobacter	Psychrobacter_arcticus_273-4	0
BACT_943	Proteobacteria	Pseudomonadales	Psychrobacter	Psychrobacter_cryohalolentis_K5	0
BACT_944	Proteobacteria	Pseudomonadales	Psychrobacter	Psychrobacter_sp._PRwf-1	0
BACT_947	Proteobacteria	Alteromonadales	Psychromonas	Psychromonas_sp._CNPT3	0
BACT_948	Proteobacteria	Burkholderiales	Ralstonia	Ralstonia_eutropha_H16	0
BACT_95	Proteobacteria	Pseudomonadales	Azotobacter	Azotobacter_vinelandii_DJ	0
BACT_950	Proteobacteria	Burkholderiales	Ralstonia	Ralstonia_eutropha_JMP134	0
BACT_951	Proteobacteria	Burkholderiales	Ralstonia	Ralstonia_pickettii_12J	0
BACT_952	Proteobacteria	Burkholderiales	Ralstonia	Ralstonia_solanacearum_GMI1000	0
BACT_954	Proteobacteria	Burkholderiales	Ralstonia	Ralstonia_solanacearum_UW551	0
BACT_968	Proteobacteria	Rhodobacterales	Rhodobacter	Rhodobacter_sphaeroides_2.4.1	0
BACT_977	Proteobacteria	Burkholderiales	Rhodoferax	Rhodoferax_ferrireducens_T118	0
BACT_979	Proteobacteria	Rhizobiales	Rhodopseudomonas	Rhodopseudomonas_palustris_BisA53	1
BACT_980	Proteobacteria	Rhizobiales	Rhodopseudomonas	Rhodopseudomonas_palustris_BisB18	1
BACT_981	Proteobacteria	Rhizobiales	Rhodopseudomonas	Rhodopseudomonas_palustris_BisB5	1
BACT_982	Proteobacteria	Rhizobiales	Rhodopseudomonas	Rhodopseudomonas_palustris_HaA2	1
BACT_983	Proteobacteria	Rhizobiales	Rhodopseudomonas	Rhodopseudomonas_palustris_TIE-1	1