kingdom	phylum	class	order	family	genus	species	habit.oral	oxygen.tolerant	oxygen.class	habit.site	gram_stain	spore_forming
Bacteria	Bacteroidetes	Bacteroidia	Bacteroidales	Bacteroidaceae	Bacteroides	Bacteroides_caccae	FALSE	FALSE	anaerobe	gut	negative	non-spore-forming
Bacteria	Bacteroidetes	Bacteroidia	Bacteroidales	Rikenellaceae	Alistipes	Alistipes_putredinis	FALSE	FALSE	anaerobe	gut	negative	non-spore-forming
Bacteria	Bacteroidetes	Bacteroidia	Bacteroidales	Bacteroidaceae	Bacteroides	Bacteroides_dorei	FALSE	FALSE	anaerobe	gut	negative	non-spore-forming
Bacteria	Firmicutes	Clostridia	Clostridiales	Ruminococcaceae	Ruminococcus	Ruminococcus_bromii	FALSE	FALSE	anaerobe	gut	positive	non-spore-forming
Bacteria	Firmicutes	Clostridia	Clostridiales	Lachnospiraceae	Blautia	Ruminococcus_gnavus	FALSE	FALSE	anaerobe	gut	positive	spore-forming
Bacteria	Bacteroidetes	Bacteroidia	Bacteroidales	Rikenellaceae	Alistipes	Alistipes_onderdonkii	FALSE	FALSE	anaerobe	gut	negative	non-spore-forming
Bacteria	Bacteroidetes	Bacteroidia	Bacteroidales	Bacteroidaceae	Bacteroides	Bacteroides_stercoris	FALSE	FALSE	anaerobe	gut	negative	unknown
Bacteria	Firmicutes	Clostridia	Clostridiales	Eubacteriaceae	Eubacterium	Eubacterium_siraeum	FALSE	FALSE	anaerobe	gut	positive	non-spore-forming
Bacteria	Bacteroidetes	Bacteroidia	Bacteroidales	Rikenellaceae	Alistipes	Alistipes_shahii	FALSE	FALSE	anaerobe	gut	negative	non-spore-forming
Bacteria	Firmicutes	Clostridia	Clostridiales	Lachnospiraceae	Blautia	Ruminococcus_torques	FALSE	FALSE	anaerobe	gut	positive	non-spore-forming
Bacteria	Bacteroidetes	Bacteroidia	Bacteroidales	Rikenellaceae	Alistipes	Alistipes_finegoldii	FALSE	FALSE	anaerobe	gut	negative	non-spore-forming
Bacteria	Firmicutes	Clostridia	Clostridiales	Ruminococcaceae	Subdoligranulum	Subdoligranulum_sp_4_3_54A2FAA	FALSE	FALSE	anaerobe	gut	unknown	spore-forming
Bacteria	Bacteroidetes	Bacteroidia	Bacteroidales	Bacteroidaceae	Bacteroides	Bacteroides_sp_2_1_22	FALSE	FALSE	anaerobe	gut	negative	unknown
Bacteria	Bacteroidetes	Bacteroidia	Bacteroidales	Bacteroidaceae	Bacteroides	Bacteroides_uniformis	FALSE	FALSE	anaerobe	gut	negative	non-spore-forming
Bacteria	Firmicutes	Clostridia	Clostridiales	Ruminococcaceae	Faecalibacterium	Faecalibacterium_prausnitzii	FALSE	FALSE	anaerobe	unknown	positive	non-spore-forming
Bacteria	Firmicutes	Clostridia	Clostridiales	Lachnospiraceae	Lachnospiraceae_noname	Lachnospiraceae_bacterium_3_1_57FAA_CT1	FALSE	FALSE	anaerobe	gut	positive	spore-forming
Bacteria	Firmicutes	Clostridia	Clostridiales	Lachnospiraceae	Coprococcus	Coprococcus_sp_ART55_1	FALSE	FALSE	anaerobe	gut	unknown	unknown
Bacteria	Bacteroidetes	Bacteroidia	Bacteroidales	Bacteroidaceae	Bacteroides	Bacteroides_ovatus	FALSE	FALSE	anaerobe	gut	negative	non-spore-forming
Bacteria	Proteobacteria	Gammaproteobacteria	Enterobacteriales	Enterobacteriaceae	Escherichia	Escherichia_coli	FALSE	TRUE	anaerobe, facultative	gut	negative	non-spore-forming
Bacteria	Firmicutes	Clostridia	Clostridiales	Ruminococcaceae	Ruminococcus	Ruminococcus_lactaris	FALSE	FALSE	anaerobe	gut	positive	non-spore-forming
Bacteria	Bacteroidetes	Bacteroidia	Bacteroidales	Bacteroidaceae	Bacteroides	Bacteroides_intestinalis	FALSE	FALSE	anaerobe	gut	negative	non-spore-forming
Bacteria	Firmicutes	Clostridia	Clostridiales	Lachnospiraceae	Coprococcus	Coprococcus_comes	FALSE	FALSE	anaerobe	gut	unknown	spore-forming
Bacteria	Firmicutes	Clostridia	Clostridiales	Lachnospiraceae	Roseburia	Roseburia_hominis	FALSE	FALSE	anaerobe	gut	positive	spore-forming
Bacteria	Firmicutes	Clostridia	Clostridiales	Eubacteriaceae	Eubacterium	Eubacterium_eligens	FALSE	FALSE	anaerobe	gut	positive	non-spore-forming
Bacteria	Firmicutes	Clostridia	Clostridiales	Clostridiaceae	Clostridium	Clostridium_bolteae	FALSE	FALSE	anaerobe	gut	positive	spore-forming
Bacteria	Firmicutes	Clostridia	Clostridiales	Clostridiaceae	Clostridium	Clostridium_symbiosum	FALSE	FALSE	anaerobe	gut	positive	spore-forming
Bacteria	Firmicutes	Clostridia	Clostridiales	Eubacteriaceae	Eubacterium	Eubacterium_rectale	FALSE	FALSE	anaerobe	gut	positive	non-spore-forming
Bacteria	Firmicutes	Clostridia	Clostridiales	Eubacteriaceae	Eubacterium	Eubacterium_ramulus	FALSE	FALSE	anaerobe	gut	positive	non-spore-forming
Bacteria	Firmicutes	Clostridia	Clostridiales	Lachnospiraceae	Lachnospiraceae_noname	Lachnospiraceae_bacterium_3_1_46FAA	FALSE	FALSE	anaerobe	gut	positive	spore-forming
Bacteria	Bacteroidetes	Bacteroidia	Bacteroidales	Bacteroidaceae	Bacteroides	Bacteroides_thetaiotaomicron	FALSE	FALSE	anaerobe	gut	negative	non-spore-forming
Bacteria	Actinobacteria	Actinobacteria	Coriobacteriales	Coriobacteriaceae	Collinsella	Collinsella_aerofaciens	FALSE	FALSE	anaerobe	gut	positive	non-spore-forming
Bacteria	Bacteroidetes	Bacteroidia	Bacteroidales	Rikenellaceae	Alistipes	Alistipes_indistinctus	FALSE	FALSE	anaerobe	gut	negative	non-spore-forming
Bacteria	Firmicutes	Bacilli	Lactobacillales	Streptococcaceae	Streptococcus	Streptococcus_salivarius	TRUE	FALSE	unknown	oral	positive	non-spore-forming
Bacteria	Bacteroidetes	Bacteroidia	Bacteroidales	Bacteroidaceae	Bacteroides	Bacteroides_vulgatus	FALSE	FALSE	anaerobe	gut	negative	non-spore-forming
Bacteria	Bacteroidetes	Bacteroidia	Bacteroidales	Porphyromonadaceae	Parabacteroides	Parabacteroides_distasonis	FALSE	FALSE	anaerobe	gut	negative	non-spore-forming
Bacteria	Firmicutes	Clostridia	Clostridiales	Clostridiaceae	Clostridium	Clostridium_leptum	FALSE	FALSE	anaerobe	gut	positive	spore-forming
Bacteria	Firmicutes	Clostridia	Clostridiales	Lachnospiraceae	Blautia	Ruminococcus_obeum	FALSE	FALSE	anaerobe	gut	positive	non-spore-forming
Bacteria	Firmicutes	Clostridia	Clostridiales	Lachnospiraceae	Dorea	Dorea_longicatena	FALSE	FALSE	anaerobe	gut	unknown	non-spore-forming
Bacteria	Actinobacteria	Actinobacteria	Bifidobacteriales	Bifidobacteriaceae	Bifidobacterium	Bifidobacterium_longum	FALSE	FALSE	anaerobe	gut	positive	non-spore-forming
Bacteria	Actinobacteria	Actinobacteria	Bifidobacteriales	Bifidobacteriaceae	Bifidobacterium	Bifidobacterium_adolescentis	FALSE	FALSE	anaerobe	gut	positive	non-spore-forming
Bacteria	Firmicutes	Clostridia	Clostridiales	Ruminococcaceae	Ruminococcus	Ruminococcus_callidus	FALSE	FALSE	anaerobe	gut	positive	non-spore-forming
Bacteria	Firmicutes	Clostridia	Clostridiales	Clostridiaceae	Clostridium	Clostridium_citroniae	FALSE	FALSE	anaerobe	gut	positive	spore-forming
Bacteria	Firmicutes	Clostridia	Clostridiales	Eubacteriaceae	Eubacterium	Eubacterium_hallii	FALSE	FALSE	anaerobe	gut	positive	non-spore-forming
Bacteria	Firmicutes	Clostridia	Clostridiales	Lachnospiraceae	Roseburia	Roseburia_intestinalis	FALSE	FALSE	anaerobe	gut	positive	non-spore-forming
Bacteria	Firmicutes	Clostridia	Clostridiales	Lachnospiraceae	Anaerostipes	Anaerostipes_hadrus	FALSE	FALSE	anaerobe	gut	positive	non-spore-forming
Bacteria	Firmicutes	Clostridia	Clostridiales	Lachnospiraceae	Lachnospiraceae_noname	Lachnospiraceae_bacterium_5_1_63FAA	FALSE	FALSE	anaerobe	gut	positive	spore-forming
Bacteria	Firmicutes	Clostridia	Clostridiales	Clostridiaceae	Clostridium	Clostridium_asparagiforme	FALSE	FALSE	anaerobe	gut	positive	spore-forming
Bacteria	Firmicutes	Clostridia	Clostridiales	Clostridiaceae	Clostridium	Clostridium_hathewayi	FALSE	FALSE	anaerobe	gut	positive	spore-forming
Bacteria	Firmicutes	Erysipelotrichia	Erysipelotrichales	Erysipelotrichaceae	Erysipelotrichaceae_noname	Erysipelotrichaceae_bacterium_6_1_45	FALSE	FALSE	unknown	gut	unknown	unknown
Bacteria	Firmicutes	Clostridia	Clostridiales	Lachnospiraceae	Coprococcus	Coprococcus_catus	FALSE	FALSE	anaerobe	gut	positive	unknown
Bacteria	Proteobacteria	Deltaproteobacteria	Desulfovibrionales	Desulfovibrionaceae	Desulfovibrio	Desulfovibrio_piger	FALSE	FALSE	anaerobe	gut	negative	non-spore-forming
Bacteria	Firmicutes	Clostridia	Clostridiales	Lachnospiraceae	Dorea	Dorea_formicigenerans	FALSE	FALSE	anaerobe	gut	positive	non-spore-forming
Bacteria	Proteobacteria	Epsilonproteobacteria	Campylobacterales	Campylobacteraceae	Campylobacter	Campylobacter_hominis	FALSE	FALSE	anaerobe, obligate	gut	negative	non-spore-forming
Bacteria	Firmicutes	Clostridia	Clostridiales	Ruminococcaceae	Ruminococcaceae_noname	Ruminococcaceae_bacterium_D16	FALSE	FALSE	anaerobe	gut	unknown	unknown
Bacteria	Firmicutes	Negativicutes	Selenomonadales	Veillonellaceae	Veillonella	Veillonella_parvula	TRUE	FALSE	anaerobe	oral	negative	unknown
Bacteria	Actinobacteria	Actinobacteria	Coriobacteriales	Coriobacteriaceae	Adlercreutzia	Adlercreutzia_equolifaciens	FALSE	FALSE	anaerobe	unknown	unknown	unknown
Bacteria	Firmicutes	Clostridia	Clostridiales	Lachnospiraceae	Lachnospiraceae_noname	Lachnospiraceae_bacterium_7_1_58FAA	FALSE	FALSE	anaerobe	gut	positive	spore-forming
Bacteria	Bacteroidetes	Bacteroidia	Bacteroidales	Rikenellaceae	Alistipes	Alistipes_senegalensis	FALSE	FALSE	anaerobe	gut	negative	non-spore-forming
Bacteria	Firmicutes	Bacilli	Lactobacillales	Streptococcaceae	Streptococcus	Streptococcus_parasanguinis	TRUE	TRUE	microaerophile	oral	positive	non-spore-forming
Bacteria	Firmicutes	Clostridia	Clostridiales	Eubacteriaceae	Eubacterium	Eubacterium_sp_3_1_31	FALSE	FALSE	anaerobe	gut	positive	non-spore-forming
Bacteria	Proteobacteria	Gammaproteobacteria	Enterobacteriales	Enterobacteriaceae	Enterobacter	Enterobacter_cloacae	FALSE	TRUE	aerobe	gut	negative	unknown
Bacteria	Firmicutes	Bacilli	Lactobacillales	Streptococcaceae	Streptococcus	Streptococcus_gordonii	TRUE	TRUE	microaerophile	oral	positive	non-spore-forming
Bacteria	Firmicutes	Erysipelotrichia	Erysipelotrichales	Erysipelotrichaceae	Holdemania	Holdemania_filiformis	FALSE	FALSE	anaerobe	gut	positive	non-spore-forming
Bacteria	Firmicutes	Erysipelotrichia	Erysipelotrichales	Erysipelotrichaceae	Erysipelotrichaceae_noname	Erysipelotrichaceae_bacterium_2_2_44A	FALSE	FALSE	unknown	gut	unknown	unknown
Bacteria	Firmicutes	Bacilli	Bacillales	Bacillales_noname	Gemella	Gemella_morbillorum	TRUE	FALSE	anaerobe	oral	positive	non-spore-forming
Bacteria	Verrucomicrobia	Verrucomicrobiae	Verrucomicrobiales	Verrucomicrobiaceae	Akkermansia	Akkermansia_muciniphila	FALSE	FALSE	anaerobe	unknown	negative	non-spore-forming
Bacteria	Firmicutes	Erysipelotrichia	Erysipelotrichales	Erysipelotrichaceae	Solobacterium	Solobacterium_moorei	FALSE	FALSE	anaerobe	unknown	unknown	unknown
Bacteria	Proteobacteria	Betaproteobacteria	Burkholderiales	Sutterellaceae	Parasutterella	Parasutterella_excrementihominis	FALSE	FALSE	anaerobe	unknown	unknown	unknown
Bacteria	Bacteroidetes	Bacteroidia	Bacteroidales	Prevotellaceae	Prevotella	Prevotella_buccalis	FALSE	FALSE	anaerobe	unknown	negative	unknown
Bacteria	Firmicutes	Clostridia	Clostridiales	Clostridiales_noname	Clostridiales_noname	Clostridiales_bacterium_1_7_47FAA	FALSE	FALSE	anaerobe	gut	positive	spore-forming
Bacteria	Actinobacteria	Actinobacteria	Actinomycetales	Micrococcaceae	Rothia	Rothia_mucilaginosa	TRUE	TRUE	aerobe	oral	positive	unknown
Bacteria	Bacteroidetes	Bacteroidia	Bacteroidales	Porphyromonadaceae	Porphyromonas	Porphyromonas_asaccharolytica	FALSE	FALSE	anaerobe	unknown	negative	non-spore-forming
Bacteria	Firmicutes	Erysipelotrichia	Erysipelotrichales	Erysipelotrichaceae	Erysipelotrichaceae_noname	Erysipelotrichaceae_bacterium_21_3	FALSE	FALSE	unknown	gut	unknown	unknown
Bacteria	Firmicutes	Clostridia	Clostridiales	Lachnospiraceae	Roseburia	Roseburia_inulinivorans	FALSE	FALSE	anaerobe	gut	positive	spore-forming
Bacteria	Firmicutes	Clostridia	Clostridiales	Clostridiales_noname	Pseudoflavonifractor	Pseudoflavonifractor_capillosus	FALSE	FALSE	anaerobe	unknown	unknown	unknown
Bacteria	Bacteroidetes	Bacteroidia	Bacteroidales	Porphyromonadaceae	Porphyromonas	Porphyromonas_bennonis	FALSE	FALSE	anaerobe	infection	negative	non-spore-forming
Bacteria	Firmicutes	Clostridia	Clostridiales	Lachnospiraceae	Lachnospiraceae_noname	Lachnospiraceae_bacterium_2_1_58FAA	FALSE	FALSE	anaerobe	gut	positive	spore-forming
Bacteria	Actinobacteria	Actinobacteria	Coriobacteriales	Coriobacteriaceae	Gordonibacter	Gordonibacter_pamelaeae	FALSE	FALSE	anaerobe	unknown	unknown	unknown
Bacteria	Firmicutes	Bacilli	Lactobacillales	Streptococcaceae	Streptococcus	Streptococcus_australis	TRUE	TRUE	microaerophile	oral	positive	non-spore-forming
Bacteria	Firmicutes	Clostridia	Clostridiales	Ruminococcaceae	Subdoligranulum	Subdoligranulum_variabile	FALSE	FALSE	anaerobe	gut	unknown	spore-forming
Bacteria	Firmicutes	Clostridia	Clostridiales	Lachnospiraceae	Blautia	Blautia_hydrogenotrophica	FALSE	FALSE	anaerobe	gut	positive	spore-forming
Bacteria	Bacteroidetes	Bacteroidia	Bacteroidales	Bacteroidaceae	Bacteroides	Bacteroides_nordii	FALSE	FALSE	anaerobe	gut	negative	unknown
Bacteria	Firmicutes	Bacilli	Lactobacillales	Streptococcaceae	Streptococcus	Streptococcus_infantis	TRUE	TRUE	microaerophile	oral	positive	non-spore-forming
Bacteria	Proteobacteria	Gammaproteobacteria	Pasteurellales	Pasteurellaceae	Haemophilus	Haemophilus_parainfluenzae	TRUE	TRUE	microaerophile	oral	negative	non-spore-forming
Bacteria	Firmicutes	Bacilli	Lactobacillales	Streptococcaceae	Streptococcus	Streptococcus_anginosus	TRUE	TRUE	microaerophile	oral	positive	non-spore-forming
Bacteria	Proteobacteria	Betaproteobacteria	Burkholderiales	Oxalobacteraceae	Oxalobacter	Oxalobacter_formigenes	FALSE	FALSE	anaerobe	unknown	unknown	unknown
Bacteria	Firmicutes	Clostridia	Clostridiales	Eubacteriaceae	Eubacterium	Eubacterium_limosum	FALSE	FALSE	anaerobe	gut	positive	non-spore-forming
Bacteria	Bacteroidetes	Bacteroidia	Bacteroidales	Porphyromonadaceae	Porphyromonas	Porphyromonas_somerae	FALSE	FALSE	anaerobe	infection	negative	non-spore-forming
Bacteria	Firmicutes	Clostridia	Clostridiales	Eubacteriaceae	Anaerofustis	Anaerofustis_stercorihominis	FALSE	FALSE	anaerobe	unknown	unknown	unknown
Bacteria	Firmicutes	Clostridia	Clostridiales	Ruminococcaceae	Anaerotruncus	Anaerotruncus_colihominis	FALSE	FALSE	anaerobe	gut	positive	spore-forming
Bacteria	Firmicutes	Clostridia	Clostridiales	Peptostreptococcaceae	Peptostreptococcaceae_noname	Clostridium_bartlettii	FALSE	FALSE	anaerobe	gut	unknown	spore-forming
Bacteria	Proteobacteria	Deltaproteobacteria	Desulfovibrionales	Desulfovibrionaceae	Bilophila	Bilophila_wadsworthia	FALSE	FALSE	anaerobe	gut	unknown	unknown
Bacteria	Firmicutes	Bacilli	Lactobacillales	Streptococcaceae	Streptococcus	Streptococcus_sanguinis	TRUE	TRUE	microaerophile	oral	positive	non-spore-forming
Bacteria	Firmicutes	Clostridia	Clostridiales	Ruminococcaceae	Ruminococcus	Ruminococcus_albus	FALSE	FALSE	anaerobe	gut	positive	non-spore-forming
Bacteria	Proteobacteria	Betaproteobacteria	Burkholderiales	Burkholderiales_noname	Burkholderiales_noname	Burkholderiales_bacterium_1_1_47	FALSE	FALSE	unknown	gut	unknown	unknown
Bacteria	Firmicutes	Bacilli	Lactobacillales	Streptococcaceae	Lactococcus	Lactococcus_lactis	TRUE	TRUE	anaerobe, facultative	food	positive	non-spore-forming
Bacteria	Bacteroidetes	Bacteroidia	Bacteroidales	Porphyromonadaceae	Porphyromonas	Porphyromonas_uenonis	FALSE	FALSE	anaerobe	infection	negative	non-spore-forming
Bacteria	Firmicutes	Clostridia	Clostridiales	Lachnospiraceae	Butyrivibrio	Butyrivibrio_crossotus	FALSE	FALSE	anaerobe	gut	unknown	non-spore-forming
Bacteria	Bacteroidetes	Bacteroidia	Bacteroidales	Bacteroidaceae	Bacteroides	Bacteroides_massiliensis	FALSE	FALSE	anaerobe	gut	negative	non-spore-forming
Bacteria	Bacteroidetes	Bacteroidia	Bacteroidales	Prevotellaceae	Prevotella	Prevotella_copri	FALSE	FALSE	anaerobe	gut	negative	non-spore-forming
Bacteria	Firmicutes	Erysipelotrichia	Erysipelotrichales	Erysipelotrichaceae	Catenibacterium	Catenibacterium_mitsuokai	FALSE	FALSE	anaerobe	unknown	unknown	unknown
Bacteria	Bacteroidetes	Bacteroidia	Bacteroidales	Porphyromonadaceae	Odoribacter	Odoribacter_splanchnicus	FALSE	FALSE	anaerobe	gut	negative	non-spore-forming
Bacteria	Bacteroidetes	Bacteroidia	Bacteroidales	Bacteroidaceae	Bacteroides	Bacteroides_finegoldii	FALSE	FALSE	anaerobe	gut	negative	non-spore-forming
Bacteria	Bacteroidetes	Bacteroidia	Bacteroidales	Bacteroidales_noname	Bacteroidales_noname	Bacteroidales_bacterium_ph8	FALSE	NA	unknown	unknown	unknown	unknown
Bacteria	Bacteroidetes	Bacteroidia	Bacteroidales	Bacteroidaceae	Bacteroides	Bacteroides_eggerthii	FALSE	FALSE	anaerobe	gut	negative	unknown
Bacteria	Proteobacteria	Betaproteobacteria	Burkholderiales	Sutterellaceae	Sutterella	Sutterella_wadsworthensis	FALSE	FALSE	anaerobe	gut	negative	non-spore-forming
Bacteria	Bacteroidetes	Bacteroidia	Bacteroidales	Porphyromonadaceae	Parabacteroides	Parabacteroides_merdae	FALSE	FALSE	anaerobe	gut	negative	non-spore-forming
Bacteria	Firmicutes	Clostridia	Clostridiales	Ruminococcaceae	Ruminococcus	Ruminococcus_sp_5_1_39BFAA	FALSE	FALSE	anaerobe	gut	positive	non-spore-forming
Bacteria	Bacteroidetes	Bacteroidia	Bacteroidales	Bacteroidaceae	Bacteroides	Bacteroides_cellulosilyticus	FALSE	FALSE	anaerobe	gut	negative	non-spore-forming
Bacteria	Bacteroidetes	Bacteroidia	Bacteroidales	Bacteroidaceae	Bacteroides	Bacteroides_xylanisolvens	FALSE	FALSE	anaerobe	gut	negative	non-spore-forming
Bacteria	Firmicutes	Clostridia	Clostridiales	Eubacteriaceae	Eubacterium	Eubacterium_ventriosum	FALSE	FALSE	anaerobe	gut	positive	non-spore-forming
Bacteria	Firmicutes	Bacilli	Lactobacillales	Streptococcaceae	Streptococcus	Streptococcus_mitis_oralis_pneumoniae	TRUE	TRUE	microaerophile	oral	positive	non-spore-forming
Archaea	Euryarchaeota	Methanobacteria	Methanobacteriales	Methanobacteriaceae	Methanobrevibacter	Methanobrevibacter_smithii	NA	NA	NA	unknown	NA	NA
Bacteria	Bacteroidetes	Bacteroidia	Bacteroidales	Porphyromonadaceae	Coprobacter	Coprobacter_fastidiosus	FALSE	FALSE	anaerobe	unknown	unknown	unknown
Bacteria	Bacteroidetes	Bacteroidia	Bacteroidales	Bacteroidaceae	Bacteroides	Bacteroides_faecis	FALSE	FALSE	anaerobe	gut	negative	non-spore-forming
Bacteria	Bacteroidetes	Bacteroidia	Bacteroidales	Bacteroidaceae	Bacteroides	Bacteroides_salyersiae	FALSE	FALSE	anaerobe	gut	negative	non-spore-forming
Bacteria	Firmicutes	Negativicutes	Selenomonadales	Veillonellaceae	Veillonella	Veillonella_atypica	TRUE	FALSE	anaerobe	oral	negative	unknown
Bacteria	Bacteroidetes	Bacteroidia	Bacteroidales	Porphyromonadaceae	Butyricimonas	Butyricimonas_synergistica	FALSE	FALSE	anaerobe	unknown	unknown	unknown
Bacteria	Bacteroidetes	Bacteroidia	Bacteroidales	Porphyromonadaceae	Parabacteroides	Parabacteroides_goldsteinii	FALSE	FALSE	anaerobe	gut	negative	non-spore-forming
Bacteria	Firmicutes	Negativicutes	Selenomonadales	Veillonellaceae	Veillonella	Veillonella_dispar	TRUE	FALSE	anaerobe	oral	negative	unknown
Bacteria	Firmicutes	Clostridia	Clostridiales	Lachnospiraceae	Lachnospiraceae_noname	Lachnospiraceae_bacterium_8_1_57FAA	FALSE	FALSE	anaerobe	gut	positive	spore-forming
Bacteria	Firmicutes	Clostridia	Clostridiales	Lachnospiraceae	Lachnospiraceae_noname	Lachnospiraceae_bacterium_1_1_57FAA	FALSE	FALSE	anaerobe	gut	positive	spore-forming
Bacteria	Actinobacteria	Actinobacteria	Coriobacteriales	Coriobacteriaceae	Atopobium	Atopobium_parvulum	TRUE	FALSE	anaerobe	oral	positive	non-spore-forming
Bacteria	Proteobacteria	Deltaproteobacteria	Desulfovibrionales	Desulfovibrionaceae	Desulfovibrio	Desulfovibrio_desulfuricans	FALSE	FALSE	anaerobe	gut	negative	non-spore-forming
Bacteria	Firmicutes	Bacilli	Lactobacillales	Streptococcaceae	Streptococcus	Streptococcus_thermophilus	FALSE	TRUE	anaerobe, facultative	food	positive	non-spore-forming
Bacteria	Bacteroidetes	Bacteroidia	Bacteroidales	Bacteroidaceae	Bacteroides	Bacteroides_clarus	FALSE	FALSE	anaerobe	gut	negative	non-spore-forming
Bacteria	Firmicutes	Erysipelotrichia	Erysipelotrichales	Erysipelotrichaceae	Erysipelotrichaceae_noname	Eubacterium_cylindroides	FALSE	FALSE	anaerobe	gut	positive	unknown
Bacteria	Firmicutes	Erysipelotrichia	Erysipelotrichales	Erysipelotrichaceae	Erysipelotrichaceae_noname	Eubacterium_dolichum	FALSE	FALSE	anaerobe	gut	positive	unknown
Bacteria	Firmicutes	Negativicutes	Selenomonadales	Veillonellaceae	Dialister	Dialister_invisus	TRUE	FALSE	anaerobe	oral	negative	unknown
Bacteria	Bacteroidetes	Bacteroidia	Bacteroidales	Bacteroidaceae	Bacteroides	Bacteroides_plebeius	FALSE	FALSE	anaerobe	gut	negative	non-spore-forming
Bacteria	Bacteroidetes	Bacteroidia	Bacteroidales	Porphyromonadaceae	Barnesiella	Barnesiella_intestinihominis	FALSE	FALSE	anaerobe	gut	unknown	unknown
Bacteria	Firmicutes	Clostridia	Clostridiales	Ruminococcaceae	Ruminococcus	Ruminococcus_flavefaciens	FALSE	FALSE	anaerobe	gut	positive	non-spore-forming
Bacteria	Actinobacteria	Actinobacteria	Coriobacteriales	Coriobacteriaceae	Collinsella	Collinsella_intestinalis	FALSE	FALSE	anaerobe	gut	unknown	unknown
Bacteria	Bacteroidetes	Bacteroidia	Bacteroidales	Bacteroidaceae	Bacteroides	Bacteroides_fragilis	FALSE	FALSE	anaerobe	gut	negative	non-spore-forming
Bacteria	Actinobacteria	Actinobacteria	Bifidobacteriales	Bifidobacteriaceae	Bifidobacterium	Bifidobacterium_bifidum	FALSE	FALSE	anaerobe	gut	positive	non-spore-forming
Bacteria	Actinobacteria	Actinobacteria	Bifidobacteriales	Bifidobacteriaceae	Bifidobacterium	Bifidobacterium_pseudocatenulatum	FALSE	FALSE	anaerobe	gut	positive	non-spore-forming
Bacteria	Actinobacteria	Actinobacteria	Bifidobacteriales	Bifidobacteriaceae	Bifidobacterium	Bifidobacterium_breve	FALSE	FALSE	anaerobe	gut	positive	non-spore-forming
Bacteria	Firmicutes	Negativicutes	Selenomonadales	Veillonellaceae	Megasphaera	Megasphaera_micronuciformis	TRUE	FALSE	anaerobe	oral	negative	unknown
Bacteria	Firmicutes	Clostridia	Clostridiales	Lachnospiraceae	Lachnospiraceae_noname	Lachnospiraceae_bacterium_9_1_43BFAA	FALSE	FALSE	anaerobe	gut	positive	spore-forming
Bacteria	Firmicutes	Clostridia	Clostridiales	Lachnospiraceae	Lachnospiraceae_noname	Lachnospiraceae_bacterium_5_1_57FAA	FALSE	FALSE	anaerobe	gut	positive	spore-forming
Bacteria	Firmicutes	Clostridia	Clostridiales	Clostridiales_noname	Flavonifractor	Flavonifractor_plautii	FALSE	FALSE	anaerobe	unknown	unknown	unknown
Bacteria	Firmicutes	Clostridia	Clostridiales	Clostridiaceae	Clostridium	Clostridium_clostridioforme	FALSE	FALSE	anaerobe	gut	positive	spore-forming
Bacteria	Firmicutes	Erysipelotrichia	Erysipelotrichales	Erysipelotrichaceae	Erysipelotrichaceae_noname	Clostridium_ramosum	FALSE	FALSE	anaerobe	gut	unknown	unknown
Bacteria	Firmicutes	Clostridia	Clostridiales	Clostridiaceae	Clostridiaceae_noname	Clostridiaceae_bacterium_JC118	FALSE	FALSE	anaerobe	unknown	unknown	unknown
Bacteria	Bacteroidetes	Bacteroidia	Bacteroidales	Porphyromonadaceae	Odoribacter	Odoribacter_laneus	FALSE	FALSE	anaerobe	gut	negative	non-spore-forming
Bacteria	Firmicutes	Clostridia	Clostridiales	Clostridiaceae	Clostridium	Clostridium_sp_L2_50	FALSE	FALSE	anaerobe	gut	positive	spore-forming
Bacteria	Bacteroidetes	Bacteroidia	Bacteroidales	Prevotellaceae	Paraprevotella	Paraprevotella_clara	FALSE	FALSE	anaerobe	gut	negative	non-spore-forming
Bacteria	Bacteroidetes	Bacteroidia	Bacteroidales	Prevotellaceae	Paraprevotella	Paraprevotella_xylaniphila	FALSE	FALSE	anaerobe	gut	negative	non-spore-forming
Bacteria	Bacteroidetes	Bacteroidia	Bacteroidales	Rikenellaceae	Alistipes	Alistipes_sp_AP11	FALSE	FALSE	anaerobe	gut	negative	non-spore-forming
Bacteria	Firmicutes	Negativicutes	Selenomonadales	Acidaminococcaceae	Acidaminococcus	Acidaminococcus_intestini	FALSE	FALSE	anaerobe	gut	negative	non-spore-forming
Bacteria	Firmicutes	Bacilli	Lactobacillales	Enterococcaceae	Enterococcus	Enterococcus_faecium	FALSE	TRUE	microaerophile	gut	positive	non-spore-forming
Bacteria	Bacteroidetes	Bacteroidia	Bacteroidales	Prevotellaceae	Prevotella	Prevotella_disiens	FALSE	FALSE	anaerobe	vaginal	negative	unknown
Bacteria	Bacteroidetes	Bacteroidia	Bacteroidales	Prevotellaceae	Prevotella	Prevotella_bivia	TRUE	FALSE	anaerobe	unknown	negative	unknown
Bacteria	Bacteroidetes	Bacteroidia	Bacteroidales	Porphyromonadaceae	Parabacteroides	Parabacteroides_johnsonii	FALSE	FALSE	anaerobe	gut	negative	non-spore-forming
Bacteria	Firmicutes	Bacilli	Lactobacillales	Streptococcaceae	Streptococcus	Streptococcus_vestibularis	TRUE	TRUE	microaerophile	oral	positive	non-spore-forming
Archaea	Euryarchaeota	Methanobacteria	Methanobacteriales	Methanobacteriaceae	Methanosphaera	Methanosphaera_stadtmanae	NA	NA	NA	unknown	NA	NA
Bacteria	Firmicutes	Negativicutes	Selenomonadales	Veillonellaceae	Megamonas	Megamonas_hypermegale	FALSE	FALSE	anaerobe	gut	negative	unknown
Bacteria	Firmicutes	Erysipelotrichia	Erysipelotrichales	Erysipelotrichaceae	Erysipelotrichaceae_noname	Eubacterium_biforme	FALSE	FALSE	anaerobe	gut	positive	unknown
Bacteria	Firmicutes	Negativicutes	Selenomonadales	Veillonellaceae	Megamonas	Megamonas_funiformis	FALSE	FALSE	anaerobe	gut	negative	non-spore-forming
Bacteria	Firmicutes	Negativicutes	Selenomonadales	Veillonellaceae	Megamonas	Megamonas_rupellensis	FALSE	FALSE	anaerobe	gut	negative	non-spore-forming
Bacteria	Firmicutes	Clostridia	Clostridiales	Clostridiaceae	Clostridium	Clostridium_nexile	FALSE	FALSE	anaerobe	gut	positive	spore-forming
Bacteria	Firmicutes	Negativicutes	Selenomonadales	Acidaminococcaceae	Phascolarctobacterium	Phascolarctobacterium_succinatutens	FALSE	FALSE	anaerobe	unknown	unknown	unknown
Bacteria	Bacteroidetes	Bacteroidia	Bacteroidales	Rikenellaceae	Alistipes	Alistipes_sp_HGB5	FALSE	FALSE	anaerobe	gut	negative	non-spore-forming
Bacteria	Firmicutes	Clostridia	Clostridiales	Lachnospiraceae	Lachnospiraceae_noname	Lachnospiraceae_bacterium_1_4_56FAA	FALSE	FALSE	anaerobe	gut	positive	spore-forming
Bacteria	Bacteroidetes	Bacteroidia	Bacteroidales	Bacteroidaceae	Bacteroides	Bacteroides_fluxus	FALSE	FALSE	anaerobe	gut	negative	non-spore-forming
Bacteria	Firmicutes	Erysipelotrichia	Erysipelotrichales	Erysipelotrichaceae	Erysipelotrichaceae_noname	Clostridium_spiroforme	FALSE	FALSE	anaerobe	gut	unknown	non-spore-forming
Bacteria	Firmicutes	Erysipelotrichia	Erysipelotrichales	Erysipelotrichaceae	Erysipelotrichaceae_noname	Erysipelotrichaceae_bacterium_5_2_54FAA	FALSE	FALSE	unknown	gut	unknown	unknown
Bacteria	Bacteroidetes	Bacteroidia	Bacteroidales	Bacteroidaceae	Bacteroides	Bacteroides_coprocola	FALSE	FALSE	anaerobe	gut	negative	non-spore-forming
Bacteria	Firmicutes	Clostridia	Clostridiales	Clostridiaceae	Clostridium	Clostridium_sp_ATCC_BAA_442	FALSE	FALSE	anaerobe	gut	positive	spore-forming
Bacteria	Firmicutes	Erysipelotrichia	Erysipelotrichales	Erysipelotrichaceae	Holdemania	Holdemania_sp_AP2	FALSE	FALSE	anaerobe	gut	positive	non-spore-forming
Bacteria	Firmicutes	Bacilli	Lactobacillales	Lactobacillaceae	Lactobacillus	Lactobacillus_iners	FALSE	TRUE	microaerophile	vaginal	positive	non-spore-forming
Bacteria	Firmicutes	Bacilli	Lactobacillales	Lactobacillaceae	Lactobacillus	Lactobacillus_crispatus	TRUE	FALSE	anaerobe	vaginal	positive	non-spore-forming
Bacteria	Firmicutes	Bacilli	Lactobacillales	Lactobacillaceae	Lactobacillus	Lactobacillus_jensenii	FALSE	TRUE	microaerophile	vaginal	positive	non-spore-forming
Bacteria	Actinobacteria	Actinobacteria	Bifidobacteriales	Bifidobacteriaceae	Bifidobacterium	Bifidobacterium_angulatum	FALSE	FALSE	anaerobe	gut	positive	non-spore-forming
Bacteria	Firmicutes	Negativicutes	Selenomonadales	Veillonellaceae	Mitsuokella	Mitsuokella_multacida	FALSE	FALSE	anaerobe	gut	negative	unknown
Bacteria	Actinobacteria	Actinobacteria	Coriobacteriales	Coriobacteriaceae	Collinsella	Collinsella_tanakaei	FALSE	FALSE	anaerobe	gut	positive	non-spore-forming
Bacteria	Bacteroidetes	Bacteroidia	Bacteroidales	Prevotellaceae	Prevotella	Prevotella_timonensis	FALSE	FALSE	anaerobe	unknown	negative	non-spore-forming
Bacteria	Actinobacteria	Actinobacteria	Bifidobacteriales	Bifidobacteriaceae	Bifidobacterium	Bifidobacterium_catenulatum	FALSE	FALSE	anaerobe	gut	positive	non-spore-forming
Bacteria	Firmicutes	Clostridia	Clostridiales	Lachnospiraceae	Coprococcus	Coprococcus_eutactus	FALSE	FALSE	anaerobe	gut	positive	spore-forming
Bacteria	Firmicutes	Clostridia	Clostridiales	Clostridiaceae	Clostridium	Clostridium_methylpentosum	FALSE	FALSE	anaerobe	gut	positive	spore-forming
Bacteria	Actinobacteria	Actinobacteria	Coriobacteriales	Coriobacteriaceae	Eggerthella	Eggerthella_lenta	FALSE	FALSE	anaerobe	gut	positive	non-spore-forming
Bacteria	Actinobacteria	Actinobacteria	Actinomycetales	Propionibacteriaceae	Propionibacterium	Propionibacterium_acnes	FALSE	TRUE	anaerobe, tolerant	skin	positive	non-spore-forming
Bacteria	Fusobacteria	Fusobacteriia	Fusobacteriales	Leptotrichiaceae	Leptotrichia	Leptotrichia_wadei	TRUE	FALSE	anaerobe	oral	negative	non-spore-forming
Bacteria	Bacteroidetes	Bacteroidia	Bacteroidales	Prevotellaceae	Prevotella	Prevotella_melaninogenica	TRUE	FALSE	anaerobe	oral	negative	unknown
Bacteria	Firmicutes	Clostridia	Clostridiales	Clostridiales_Family_XIII_Incertae_Sedis	Clostridiales_Family_XIII_Incertae_Sedis_noname	Eubacterium_infirmum	FALSE	FALSE	anaerobe	unknown	unknown	unknown
Bacteria	Fusobacteria	Fusobacteriia	Fusobacteriales	Fusobacteriaceae	Fusobacterium	Fusobacterium_periodonticum	TRUE	FALSE	anaerobe	oral	negative	unknown
Viruses	Viruses_noname	Viruses_noname	Viruses_noname	Retroviridae	Gammaretrovirus	Porcine_type_C_oncovirus	NA	NA	NA	unknown	NA	NA
Bacteria	Firmicutes	Clostridia	Clostridiales	Clostridiaceae	Clostridium	Clostridium_scindens	FALSE	FALSE	anaerobe	gut	positive	spore-forming
Bacteria	Firmicutes	Erysipelotrichia	Erysipelotrichales	Erysipelotrichaceae	Coprobacillus	Coprobacillus_sp_29_1	FALSE	FALSE	anaerobe	gut	unknown	unknown
Bacteria	Firmicutes	Clostridia	Clostridiales	Oscillospiraceae	Oscillibacter	Oscillibacter_sp_KLE_1728	FALSE	FALSE	anaerobe	gut	negative	non-spore-forming
Bacteria	Actinobacteria	Actinobacteria	Bifidobacteriales	Bifidobacteriaceae	Gardnerella	Gardnerella_vaginalis	FALSE	NA	unknown	vaginal	unknown	unknown
Bacteria	Firmicutes	Clostridia	Clostridiales	Lachnospiraceae	Marvinbryantia	Marvinbryantia_formatexigens	FALSE	FALSE	anaerobe	unknown	unknown	unknown
Bacteria	Actinobacteria	Actinobacteria	Actinomycetales	Actinomycetaceae	Varibaculum	Varibaculum_cambriense	FALSE	FALSE	anaerobe	unknown	unknown	unknown
Bacteria	Firmicutes	Clostridia	Clostridiales	Clostridiales_Family_XI_Incertae_Sedis	Anaerococcus	Anaerococcus_lactolyticus	FALSE	FALSE	anaerobe	infection	positive	unknown
Bacteria	Firmicutes	Clostridia	Clostridiales	Clostridiales_Family_XI_Incertae_Sedis	Peptoniphilus	Peptoniphilus_lacrimalis	TRUE	FALSE	anaerobe	infection	positive	non-spore-forming
Bacteria	Actinobacteria	Actinobacteria	Coriobacteriales	Coriobacteriaceae	Atopobium	Atopobium_vaginae	FALSE	TRUE	anaerobe, facultative	vaginal	positive	non-spore-forming
Bacteria	Proteobacteria	Epsilonproteobacteria	Campylobacterales	Campylobacteraceae	Campylobacter	Campylobacter_ureolyticus	FALSE	FALSE	anaerobe	infection	negative	non-spore-forming
Bacteria	Firmicutes	Clostridia	Clostridiales	Clostridiales_Family_XI_Incertae_Sedis	Anaerococcus	Anaerococcus_vaginalis	FALSE	FALSE	anaerobe	vaginal	positive	unknown
Bacteria	Firmicutes	Clostridia	Clostridiales	Lachnospiraceae	Blautia	Blautia_producta	FALSE	FALSE	anaerobe	gut	positive	non-spore-forming
Bacteria	Actinobacteria	Actinobacteria	Coriobacteriales	Coriobacteriaceae	Collinsella	Collinsella_stercoris	FALSE	FALSE	anaerobe	gut	positive	unknown
Bacteria	Actinobacteria	Actinobacteria	Coriobacteriales	Coriobacteriaceae	Slackia	Slackia_piriformis	FALSE	FALSE	anaerobe	gut	positive	non-spore-forming
Bacteria	Firmicutes	Erysipelotrichia	Erysipelotrichales	Erysipelotrichaceae	Erysipelotrichaceae_noname	Clostridium_innocuum	FALSE	FALSE	anaerobe	gut	unknown	spore-forming
Bacteria	Firmicutes	Clostridia	Clostridiales	Ruminococcaceae	Ruminococcus	Ruminococcus_champanellensis	FALSE	FALSE	anaerobe	gut	positive	non-spore-forming
Bacteria	Firmicutes	Bacilli	Lactobacillales	Enterococcaceae	Enterococcus	Enterococcus_faecalis	FALSE	TRUE	microaerophile	gut	positive	non-spore-forming
Bacteria	Proteobacteria	Gammaproteobacteria	Enterobacteriales	Enterobacteriaceae	Citrobacter	Citrobacter_freundii	FALSE	FALSE	unknown	gut	negative	unknown
Bacteria	Firmicutes	Clostridia	Clostridiales	Clostridiales_Family_XI_Incertae_Sedis	Parvimonas	Parvimonas_micra	TRUE	FALSE	anaerobe	oral	unknown	unknown
Bacteria	Firmicutes	Bacilli	Bacillales	Bacillales_noname	Gemella	Gemella_sanguinis	TRUE	FALSE	unknown	oral	positive	non-spore-forming
Bacteria	Firmicutes	Bacilli	Lactobacillales	Streptococcaceae	Streptococcus	Streptococcus_infantarius	FALSE	FALSE	unknown	gut	positive	non-spore-forming
Bacteria	Actinobacteria	Actinobacteria	Coriobacteriales	Coriobacteriaceae	Coriobacteriaceae_noname	Coriobacteriaceae_bacterium_phI	FALSE	FALSE	unknown	gut	unknown	unknown
Bacteria	Bacteroidetes	Bacteroidia	Bacteroidales	Rikenellaceae	Alistipes	Alistipes_sp_JC136	FALSE	FALSE	anaerobe	gut	negative	non-spore-forming
Bacteria	Firmicutes	Bacilli	Lactobacillales	Lactobacillaceae	Lactobacillus	Lactobacillus_acidophilus	FALSE	TRUE	anaerobe, facultative	gut	positive	non-spore-forming
Bacteria	Proteobacteria	Gammaproteobacteria	Enterobacteriales	Enterobacteriaceae	Klebsiella	Klebsiella_pneumoniae	TRUE	TRUE	anaerobe, facultative	infection	negative	unknown
Bacteria	Bacteroidetes	Bacteroidia	Bacteroidales	Bacteroidaceae	Bacteroides	Bacteroides_gallinarum	FALSE	FALSE	anaerobe	gut	negative	unknown
Bacteria	Synergistetes	Synergistia	Synergistales	Synergistaceae	Pyramidobacter	Pyramidobacter_piscolens	FALSE	FALSE	anaerobe	unknown	unknown	unknown
Bacteria	Firmicutes	Clostridia	Clostridiales	Oscillospiraceae	Oscillibacter	Oscillibacter_sp_KLE_1745	FALSE	FALSE	anaerobe	gut	negative	non-spore-forming
Bacteria	Firmicutes	Negativicutes	Selenomonadales	Acidaminococcaceae	Acidaminococcus	Acidaminococcus_sp_D21	FALSE	FALSE	anaerobe	gut	unknown	unknown
Bacteria	Firmicutes	Clostridia	Clostridiales	Lachnospiraceae	Lachnospiraceae_noname	Lachnospiraceae_bacterium_6_1_63FAA	FALSE	FALSE	anaerobe	gut	positive	spore-forming
Bacteria	Proteobacteria	Gammaproteobacteria	Enterobacteriales	Enterobacteriaceae	Shigella	Shigella_flexneri	FALSE	TRUE	aerobe	gut	negative	non-spore-forming
Bacteria	Fusobacteria	Fusobacteriia	Fusobacteriales	Fusobacteriaceae	Fusobacterium	Fusobacterium_ulcerans	FALSE	FALSE	anaerobe	gut	negative	unknown
Bacteria	Firmicutes	Clostridia	Clostridiales	Lachnospiraceae	Lachnospiraceae_noname	Lachnospiraceae_bacterium_4_1_37FAA	FALSE	FALSE	anaerobe	gut	positive	spore-forming
Bacteria	Firmicutes	Bacilli	Lactobacillales	Lactobacillaceae	Lactobacillus	Lactobacillus_rhamnosus	TRUE	TRUE	microaerophile	food	positive	non-spore-forming
Bacteria	Firmicutes	Bacilli	Lactobacillales	Streptococcaceae	Streptococcus	Streptococcus_cristatus	TRUE	FALSE	unknown	oral	positive	non-spore-forming
Bacteria	Proteobacteria	Alphaproteobacteria	Rhizobiales	Bradyrhizobiaceae	Afipia	Afipia_broomeae	FALSE	FALSE	unknown	unknown	unknown	unknown
Bacteria	Proteobacteria	Alphaproteobacteria	Rhizobiales	Bradyrhizobiaceae	Rhodopseudomonas	Rhodopseudomonas_palustris	FALSE	FALSE	anaerobe	unknown	unknown	unknown
Bacteria	Proteobacteria	Gammaproteobacteria	Pasteurellales	Pasteurellaceae	Haemophilus	Haemophilus_pittmaniae	TRUE	TRUE	microaerophile	oral	negative	non-spore-forming
Bacteria	Firmicutes	Bacilli	Lactobacillales	Carnobacteriaceae	Granulicatella	Granulicatella_elegans	TRUE	FALSE	anaerobe	oral	positive	spore-forming
Bacteria	Firmicutes	Clostridia	Clostridiales	Lachnospiraceae	Blautia	Blautia_hansenii	FALSE	FALSE	anaerobe	gut	positive	unknown
Bacteria	Bacteroidetes	Bacteroidia	Bacteroidales	Bacteroidaceae	Bacteroides	Bacteroides_sp_1_1_6	FALSE	FALSE	anaerobe	gut	negative	unknown
Bacteria	Actinobacteria	Actinobacteria	Bifidobacteriales	Bifidobacteriaceae	Bifidobacterium	Bifidobacterium_animalis	FALSE	FALSE	anaerobe	gut	positive	non-spore-forming
Bacteria	Firmicutes	Bacilli	Bacillales	Staphylococcaceae	Staphylococcus	Staphylococcus_aureus	TRUE	TRUE	anaerobe, facultative	skin	positive	non-spore-forming
Bacteria	Firmicutes	Bacilli	Lactobacillales	Lactobacillaceae	Lactobacillus	Lactobacillus_casei_paracasei	FALSE	TRUE	anaerobe, facultative	gut	positive	non-spore-forming
Bacteria	Firmicutes	Bacilli	Lactobacillales	Lactobacillaceae	Lactobacillus	Lactobacillus_plantarum	TRUE	TRUE	microaerophile	oral	positive	non-spore-forming
Viruses	Viruses_noname	Viruses_noname	Caudovirales	Siphoviridae	Siphoviridae_noname	Lactococcus_phage_P680	NA	NA	NA	unknown	NA	NA
Bacteria	Bacteroidetes	Bacteroidia	Bacteroidales	Bacteroidaceae	Bacteroides	Bacteroides_sp_3_1_19	FALSE	FALSE	anaerobe	unknown	negative	unknown
Bacteria	Firmicutes	Negativicutes	Selenomonadales	Veillonellaceae	Megasphaera	Megasphaera_elsdenii	FALSE	FALSE	anaerobe	gut	negative	non-spore-forming
Bacteria	Firmicutes	Negativicutes	Selenomonadales	Acidaminococcaceae	Acidaminococcus	Acidaminococcus_fermentans	FALSE	FALSE	anaerobe	gut	unknown	unknown
Bacteria	Bacteroidetes	Bacteroidia	Bacteroidales	Bacteroidaceae	Bacteroides	Bacteroides_sp_1_1_30	FALSE	FALSE	anaerobe	gut	negative	unknown
Bacteria	Actinobacteria	Actinobacteria	Actinomycetales	Propionibacteriaceae	Propionibacterium	Propionibacterium_freudenreichii	FALSE	TRUE	microaerophile	skin	positive	unknown
Bacteria	Firmicutes	Bacilli	Lactobacillales	Lactobacillaceae	Lactobacillus	Lactobacillus_fermentum	TRUE	TRUE	anaerobe, facultative	food	positive	non-spore-forming
Bacteria	Firmicutes	Clostridia	Clostridiales	Clostridiaceae	Clostridium	Clostridium_sp_KLE_1755	FALSE	FALSE	anaerobe	gut	positive	spore-forming
Bacteria	Firmicutes	Clostridia	Clostridiales	Clostridiaceae	Butyricicoccus	Butyricicoccus_pullicaecorum	FALSE	FALSE	anaerobe	unknown	unknown	unknown
Viruses	Viruses_noname	Viruses_noname	Caudovirales	Siphoviridae	Siphoviridae_noname	Staphylococcus_phage_80alpha	NA	NA	NA	unknown	NA	NA
Bacteria	Actinobacteria	Actinobacteria	Bifidobacteriales	Bifidobacteriaceae	Bifidobacterium	Bifidobacterium_dentium	TRUE	FALSE	anaerobe	oral	positive	non-spore-forming
Bacteria	Firmicutes	Bacilli	Lactobacillales	Lactobacillaceae	Lactobacillus	Lactobacillus_ruminis	FALSE	TRUE	microaerophile	gut	positive	non-spore-forming
Bacteria	Actinobacteria	Actinobacteria	Actinomycetales	Actinomycetaceae	Actinomyces	Actinomyces_turicensis	FALSE	FALSE	unknown	gut	positive	unknown
Bacteria	Actinobacteria	Actinobacteria	Actinomycetales	Actinomycetaceae	Mobiluncus	Mobiluncus_curtisii	FALSE	FALSE	anaerobe	infection	unknown	unknown
Bacteria	Firmicutes	Bacilli	Lactobacillales	Leuconostocaceae	Leuconostoc	Leuconostoc_lactis	FALSE	TRUE	microaerophile	gut	positive	unknown
Bacteria	Firmicutes	Bacilli	Lactobacillales	Leuconostocaceae	Weissella	Weissella_confusa	FALSE	TRUE	aerobe	gut	positive	unknown
Bacteria	Firmicutes	Bacilli	Lactobacillales	Streptococcaceae	Lactococcus	Lactococcus_garvieae	FALSE	FALSE	unknown	gut	positive	non-spore-forming
Bacteria	Actinobacteria	Actinobacteria	Bifidobacteriales	Bifidobacteriaceae	Bifidobacterium	Bifidobacterium_pseudolongum	FALSE	FALSE	anaerobe	gut	positive	non-spore-forming
Viruses	Viruses_noname	Viruses_noname	Viruses_noname	Geminiviridae	Mastrevirus	Wheat_dwarf_virus	NA	NA	NA	unknown	NA	NA
Bacteria	Proteobacteria	Gammaproteobacteria	Enterobacteriales	Enterobacteriaceae	Klebsiella	Klebsiella_oxytoca	FALSE	FALSE	unknown	infection	negative	unknown
Bacteria	Firmicutes	Erysipelotrichia	Erysipelotrichales	Erysipelotrichaceae	Erysipelotrichaceae_noname	Erysipelotrichaceae_bacterium_3_1_53	FALSE	FALSE	unknown	gut	unknown	unknown
Bacteria	Firmicutes	Bacilli	Lactobacillales	Lactobacillaceae	Lactobacillus	Lactobacillus_delbrueckii	FALSE	TRUE	anaerobe, facultative	food	positive	non-spore-forming
Bacteria	Actinobacteria	Actinobacteria	Actinomycetales	Actinomycetaceae	Actinomyces	Actinomyces_odontolyticus	TRUE	TRUE	microaerophile	oral	positive	unknown
Bacteria	Proteobacteria	Epsilonproteobacteria	Campylobacterales	Campylobacteraceae	Campylobacter	Campylobacter_gracilis	TRUE	FALSE	anaerobe	oral	negative	non-spore-forming
Bacteria	Firmicutes	Negativicutes	Selenomonadales	Veillonellaceae	Dialister	Dialister_succinatiphilus	FALSE	FALSE	anaerobe	gut	negative	non-spore-forming
Bacteria	Fusobacteria	Fusobacteriia	Fusobacteriales	Fusobacteriaceae	Fusobacterium	Fusobacterium_mortiferum	FALSE	FALSE	anaerobe	gut	negative	unknown
Bacteria	Actinobacteria	Actinobacteria	Actinomycetales	Actinomycetaceae	Actinomyces	Actinomyces_graevenitzii	TRUE	TRUE	microaerophile	oral	positive	non-spore-forming
Bacteria	Firmicutes	Clostridia	Clostridiales	Peptostreptococcaceae	Peptostreptococcus	Peptostreptococcus_stomatis	TRUE	FALSE	anaerobe	oral	positive	spore-forming
Bacteria	Firmicutes	Erysipelotrichia	Erysipelotrichales	Erysipelotrichaceae	Turicibacter	Turicibacter_sanguinis	FALSE	FALSE	anaerobe	gut	unknown	spore-forming
Bacteria	Actinobacteria	Actinobacteria	Bifidobacteriales	Bifidobacteriaceae	Alloscardovia	Alloscardovia_omnicolens	FALSE	NA	unknown	unknown	unknown	unknown
Bacteria	Actinobacteria	Actinobacteria	Actinomycetales	Actinomycetaceae	Actinomyces	Actinomyces_viscosus	TRUE	TRUE	microaerophile	oral	positive	unknown
Bacteria	Firmicutes	Clostridia	Clostridiales	Clostridiales_Family_XI_Incertae_Sedis	Finegoldia	Finegoldia_magna	FALSE	FALSE	anaerobe	unknown	unknown	unknown
Bacteria	Firmicutes	Bacilli	Lactobacillales	Lactobacillaceae	Lactobacillus	Lactobacillus_reuteri	FALSE	FALSE	unknown	food	positive	non-spore-forming
Bacteria	Firmicutes	Bacilli	Lactobacillales	Lactobacillaceae	Pediococcus	Pediococcus_acidilactici	FALSE	TRUE	microaerophile	gut	positive	unknown
Bacteria	Firmicutes	Bacilli	Lactobacillales	Streptococcaceae	Streptococcus	Streptococcus_lutetiensis	FALSE	FALSE	unknown	unknown	positive	non-spore-forming
Bacteria	Firmicutes	Bacilli	Lactobacillales	Enterococcaceae	Enterococcus	Enterococcus_casseliflavus	FALSE	TRUE	microaerophile	unknown	positive	non-spore-forming
Bacteria	Firmicutes	Bacilli	Lactobacillales	Lactobacillaceae	Lactobacillus	Lactobacillus_salivarius	TRUE	TRUE	anaerobe, facultative	oral	positive	non-spore-forming
Eukaryota	Ascomycota	Saccharomycetes	Saccharomycetales	Saccharomycetaceae	Saccharomyces	Saccharomyces_cerevisiae	NA	NA	NA	unknown	NA	NA
Bacteria	Proteobacteria	Gammaproteobacteria	Enterobacteriales	Enterobacteriaceae	Proteus	Proteus_penneri	FALSE	FALSE	unknown	unknown	negative	unknown
Bacteria	Actinobacteria	Actinobacteria	Actinomycetales	Actinomycetaceae	Actinomyces	Actinomyces_sp_HPA0247	TRUE	FALSE	anaerobe	oral	positive	unknown
Bacteria	Proteobacteria	Gammaproteobacteria	Enterobacteriales	Enterobacteriaceae	Morganella	Morganella_morganii	FALSE	NA	unknown	unknown	negative	unknown
Bacteria	Firmicutes	Bacilli	Lactobacillales	Streptococcaceae	Streptococcus	Streptococcus_mutans	TRUE	TRUE	microaerophile	oral	positive	non-spore-forming
Bacteria	Fusobacteria	Fusobacteriia	Fusobacteriales	Fusobacteriaceae	Fusobacterium	Fusobacterium_nucleatum	TRUE	FALSE	anaerobe	oral	negative	non-spore-forming
Bacteria	Firmicutes	Bacilli	Lactobacillales	Carnobacteriaceae	Granulicatella	Granulicatella_adiacens	TRUE	FALSE	anaerobe	oral	positive	spore-forming
Bacteria	Firmicutes	Bacilli	Bacillales	Bacillales_noname	Gemella	Gemella_haemolysans	TRUE	FALSE	unknown	oral	positive	non-spore-forming
Bacteria	Firmicutes	Bacilli	Lactobacillales	Streptococcaceae	Streptococcus	Streptococcus_tigurinus	TRUE	TRUE	microaerophile	oral	positive	non-spore-forming
Bacteria	Actinobacteria	Actinobacteria	Actinomycetales	Micrococcaceae	Rothia	Rothia_dentocariosa	TRUE	TRUE	microaerophile	oral	positive	unknown
Bacteria	Actinobacteria	Actinobacteria	Bifidobacteriales	Bifidobacteriaceae	Scardovia	Scardovia_wiggsiae	TRUE	FALSE	anaerobe	oral	positive	non-spore-forming
Bacteria	Actinobacteria	Actinobacteria	Actinomycetales	Corynebacteriaceae	Corynebacterium	Corynebacterium_durum	TRUE	TRUE	aerobe	oral	positive	non-spore-forming
Bacteria	Actinobacteria	Actinobacteria	Actinomycetales	Actinomycetaceae	Actinomyces	Actinomyces_oris	TRUE	FALSE	unknown	oral	positive	unknown
Bacteria	Firmicutes	Bacilli	Lactobacillales	Lactobacillaceae	Lactobacillus	Lactobacillus_gasseri	TRUE	TRUE	microaerophile	unknown	positive	non-spore-forming
Bacteria	Actinobacteria	Actinobacteria	Actinomycetales	Propionibacteriaceae	Propionibacterium	Propionibacterium_propionicum	TRUE	TRUE	microaerophile	oral	positive	unknown
Bacteria	Actinobacteria	Actinobacteria	Actinomycetales	Corynebacteriaceae	Corynebacterium	Corynebacterium_glutamicum	FALSE	TRUE	anaerobe, facultative	gut	positive	non-spore-forming
Bacteria	Firmicutes	Bacilli	Lactobacillales	Lactobacillaceae	Pediococcus	Pediococcus_lolii	FALSE	TRUE	microaerophile	unknown	positive	unknown
Bacteria	Firmicutes	Bacilli	Lactobacillales	Lactobacillaceae	Lactobacillus	Lactobacillus_mucosae	FALSE	FALSE	anaerobe	gut	positive	non-spore-forming
Bacteria	Proteobacteria	Gammaproteobacteria	Enterobacteriales	Enterobacteriaceae	Proteus	Proteus_mirabilis	FALSE	TRUE	aerobe	vaginal	negative	non-spore-forming
Bacteria	Firmicutes	Bacilli	Lactobacillales	Lactobacillaceae	Lactobacillus	Lactobacillus_zeae	FALSE	FALSE	unknown	unknown	positive	non-spore-forming
Bacteria	Firmicutes	Bacilli	Lactobacillales	Enterococcaceae	Enterococcus	Enterococcus_gallinarum	FALSE	TRUE	microaerophile	gut	positive	non-spore-forming
Bacteria	Actinobacteria	Actinobacteria	Actinomycetales	Actinomycetaceae	Actinomyces	Actinomyces_sp_oral_taxon_448	TRUE	FALSE	anaerobe	oral	positive	unknown
Bacteria	Firmicutes	Negativicutes	Selenomonadales	Veillonellaceae	Dialister	Dialister_micraerophilus	TRUE	FALSE	anaerobe	unknown	negative	non-spore-forming
Bacteria	Firmicutes	Clostridia	Clostridiales	Peptostreptococcaceae	Peptostreptococcaceae_noname	Clostridium_glycolicum	FALSE	FALSE	anaerobe	unknown	unknown	spore-forming
Bacteria	Actinobacteria	Actinobacteria	Coriobacteriales	Coriobacteriaceae	Olsenella	Olsenella_profusa	TRUE	FALSE	anaerobe	oral	positive	non-spore-forming
Bacteria	Actinobacteria	Actinobacteria	Bifidobacteriales	Bifidobacteriaceae	Parascardovia	Parascardovia_denticolens	FALSE	FALSE	anaerobe	unknown	unknown	unknown
Bacteria	Proteobacteria	Gammaproteobacteria	Enterobacteriales	Enterobacteriaceae	Providencia	Providencia_rettgeri	FALSE	FALSE	unknown	unknown	negative	unknown
Bacteria	Firmicutes	Clostridia	Clostridiales	Peptostreptococcaceae	Peptostreptococcaceae_noname	Clostridium_difficile	FALSE	FALSE	anaerobe	gut	positive	unknown
Bacteria	Firmicutes	Bacilli	Bacillales	Staphylococcaceae	Staphylococcus	Staphylococcus_epidermidis	TRUE	TRUE	anaerobe, facultative	skin	positive	unknown
Bacteria	Actinobacteria	Actinobacteria	Coriobacteriales	Coriobacteriaceae	Atopobium	Atopobium_rimae	TRUE	FALSE	anaerobe	oral	positive	non-spore-forming
Viruses	Viruses_noname	Viruses_noname	Viruses_noname	Adenoviridae	Mastadenovirus	Human_adenovirus_D	NA	NA	NA	unknown	NA	NA
Bacteria	Firmicutes	Clostridia	Clostridiales	Clostridiaceae	Clostridium	Clostridium_perfringens	FALSE	FALSE	anaerobe	gut	positive	spore-forming
Bacteria	Actinobacteria	Actinobacteria	Actinomycetales	Corynebacteriaceae	Corynebacterium	Corynebacterium_amycolatum	FALSE	FALSE	unknown	skin	positive	non-spore-forming
Bacteria	Proteobacteria	Epsilonproteobacteria	Campylobacterales	Campylobacteraceae	Campylobacter	Campylobacter_showae	TRUE	TRUE	microaerophile	oral	negative	non-spore-forming
Bacteria	Firmicutes	Clostridia	Clostridiales	Clostridiaceae	Clostridium	Clostridium_butyricum	FALSE	FALSE	anaerobe	unknown	positive	spore-forming
Bacteria	Proteobacteria	Gammaproteobacteria	Pasteurellales	Pasteurellaceae	Haemophilus	Haemophilus_sputorum	TRUE	TRUE	microaerophile	oral	negative	non-spore-forming
Bacteria	Proteobacteria	Epsilonproteobacteria	Campylobacterales	Campylobacteraceae	Campylobacter	Campylobacter_curvus	TRUE	TRUE	microaerophile	oral	negative	non-spore-forming
Viruses	Viruses_noname	Viruses_noname	Caudovirales	Siphoviridae	Siphoviridae_noname	Lactococcus_phage_ul36	NA	NA	NA	unknown	NA	NA
Bacteria	Proteobacteria	Gammaproteobacteria	Enterobacteriales	Enterobacteriaceae	Escherichia	Escherichia_hermannii	FALSE	FALSE	unknown	unknown	negative	unknown
Bacteria	Bacteroidetes	Bacteroidia	Bacteroidales	Prevotellaceae	Prevotella	Prevotella_stercorea	FALSE	FALSE	anaerobe	gut	negative	non-spore-forming
Bacteria	Proteobacteria	Gammaproteobacteria	Enterobacteriales	Enterobacteriaceae	Serratia	Serratia_marcescens	TRUE	FALSE	unknown	oral	negative	unknown
Bacteria	Proteobacteria	Gammaproteobacteria	Enterobacteriales	Enterobacteriaceae	Cronobacter	Cronobacter_sakazakii	FALSE	TRUE	aerobe	unknown	negative	unknown
Bacteria	Proteobacteria	Gammaproteobacteria	Enterobacteriales	Enterobacteriaceae	Raoultella	Raoultella_ornithinolytica	FALSE	NA	unknown	unknown	negative	unknown
Bacteria	Firmicutes	Bacilli	Lactobacillales	Leuconostocaceae	Weissella	Weissella_cibaria	FALSE	TRUE	aerobe	gut	positive	unknown
Bacteria	Firmicutes	Negativicutes	Selenomonadales	Veillonellaceae	Selenomonas	Selenomonas_flueggei	TRUE	FALSE	anaerobe	oral	negative	unknown
Bacteria	Bacteroidetes	Bacteroidia	Bacteroidales	Prevotellaceae	Prevotella	Prevotella_denticola	TRUE	FALSE	anaerobe	oral	negative	unknown
Bacteria	Firmicutes	Clostridia	Clostridiales	Eubacteriaceae	Pseudoramibacter	Pseudoramibacter_alactolyticus	FALSE	FALSE	anaerobe	unknown	unknown	unknown
Bacteria	Firmicutes	Negativicutes	Selenomonadales	Veillonellaceae	Anaeroglobus	Anaeroglobus_geminatus	FALSE	FALSE	anaerobe	unknown	negative	unknown
Bacteria	Bacteroidetes	Bacteroidia	Bacteroidales	Prevotellaceae	Prevotella	Prevotella_oralis	TRUE	FALSE	anaerobe	oral	negative	unknown
Viruses	Viruses_noname	Viruses_noname	Caudovirales	Siphoviridae	Siphoviridae_noname	Lactobacillus_phage_Lc_Nu	NA	NA	NA	unknown	NA	NA
Bacteria	Actinobacteria	Actinobacteria	Coriobacteriales	Coriobacteriaceae	Olsenella	Olsenella_uli	TRUE	FALSE	anaerobe	oral	positive	non-spore-forming
Bacteria	Firmicutes	Bacilli	Lactobacillales	Enterococcaceae	Enterococcus	Enterococcus_durans	FALSE	TRUE	microaerophile	unknown	positive	non-spore-forming
Bacteria	Firmicutes	Clostridia	Clostridiales	Lachnospiraceae	Anaerostipes	Anaerostipes_caccae	FALSE	FALSE	anaerobe	gut	positive	unknown
Bacteria	Firmicutes	Bacilli	Lactobacillales	Streptococcaceae	Streptococcus	Streptococcus_peroris	TRUE	TRUE	microaerophile	oral	positive	non-spore-forming
Bacteria	Firmicutes	Bacilli	Lactobacillales	Lactobacillaceae	Lactobacillus	Lactobacillus_oris	FALSE	TRUE	anaerobe, facultative	unknown	positive	non-spore-forming
Bacteria	Firmicutes	Bacilli	Lactobacillales	Lactobacillaceae	Lactobacillus	Lactobacillus_vaginalis	TRUE	TRUE	microaerophile	unknown	positive	non-spore-forming
Bacteria	Firmicutes	Bacilli	Lactobacillales	Leuconostocaceae	Leuconostoc	Leuconostoc_mesenteroides	FALSE	TRUE	anaerobe, facultative	gut	positive	unknown
Bacteria	Firmicutes	Bacilli	Lactobacillales	Streptococcaceae	Streptococcus	Streptococcus_intermedius	TRUE	TRUE	microaerophile	oral	positive	non-spore-forming
Viruses	Viruses_noname	Viruses_noname	Caudovirales	Siphoviridae	C2likevirus	Lactococcus_phage_bIL67	NA	NA	NA	unknown	NA	NA
Bacteria	Proteobacteria	Gammaproteobacteria	Enterobacteriales	Enterobacteriaceae	Dickeya	Dickeya_dadantii	FALSE	TRUE	anaerobe, facultative	unknown	negative	unknown
Bacteria	Proteobacteria	Gammaproteobacteria	Enterobacteriales	Enterobacteriaceae	Providencia	Providencia_alcalifaciens	FALSE	TRUE	aerobe	unknown	negative	unknown
Bacteria	Proteobacteria	Gammaproteobacteria	Enterobacteriales	Enterobacteriaceae	Citrobacter	Citrobacter_youngae	FALSE	FALSE	unknown	unknown	negative	unknown
Bacteria	Bacteroidetes	Bacteroidia	Bacteroidales	Porphyromonadaceae	Dysgonomonas	Dysgonomonas_mossii	FALSE	TRUE	microaerophile	gut	unknown	unknown
Bacteria	Actinobacteria	Actinobacteria	Actinomycetales	Propionibacteriaceae	Propionimicrobium	Propionimicrobium_lymphophilum	FALSE	FALSE	anaerobe	unknown	unknown	unknown
Bacteria	Firmicutes	Clostridia	Clostridiales	Clostridiaceae	Clostridium	Clostridium_sp_ATCC_29733	FALSE	FALSE	anaerobe	gut	positive	spore-forming
Viruses	Viruses_noname	Viruses_noname	Caudovirales	Siphoviridae	Siphoviridae_noname	Leuconostoc_phage_P793	NA	NA	NA	unknown	NA	NA
Eukaryota	Ascomycota	Eurotiomycetes	Eurotiales	Aspergillaceae	Penicillium	Penicillium_chrysogenum	NA	NA	NA	unknown	NA	NA
Bacteria	Firmicutes	Bacilli	Lactobacillales	Lactobacillaceae	Pediococcus	Pediococcus_pentosaceus	FALSE	TRUE	anaerobe, facultative	unknown	positive	unknown
Bacteria	Firmicutes	Bacilli	Lactobacillales	Lactobacillaceae	Lactobacillus	Lactobacillus_animalis	FALSE	TRUE	microaerophile	unknown	positive	non-spore-forming
Bacteria	Firmicutes	Bacilli	Lactobacillales	Leuconostocaceae	Leuconostoc	Leuconostoc_pseudomesenteroides	FALSE	FALSE	unknown	unknown	positive	unknown
Bacteria	Bacteroidetes	Bacteroidia	Bacteroidales	Bacteroidaceae	Bacteroides	Bacteroides_oleiciplenus	FALSE	FALSE	anaerobe	gut	negative	non-spore-forming
Bacteria	Proteobacteria	Betaproteobacteria	Neisseriales	Neisseriaceae	Eikenella	Eikenella_corrodens	FALSE	NA	unknown	unknown	unknown	unknown
Bacteria	Actinobacteria	Actinobacteria	Actinomycetales	Actinomycetaceae	Actinomyces	Actinomyces_johnsonii	TRUE	FALSE	anaerobe	oral	positive	unknown
Bacteria	Actinobacteria	Actinobacteria	Actinomycetales	Actinomycetaceae	Actinomyces	Actinomyces_naeslundii	TRUE	TRUE	microaerophile	oral	positive	unknown
Bacteria	Actinobacteria	Actinobacteria	Actinomycetales	Corynebacteriaceae	Corynebacterium	Corynebacterium_pseudodiphtheriticum	TRUE	FALSE	unknown	skin	positive	non-spore-forming
Bacteria	Actinobacteria	Actinobacteria	Actinomycetales	Actinomycetaceae	Actinomyces	Actinomyces_sp_oral_taxon_180	TRUE	FALSE	anaerobe	oral	positive	unknown
Bacteria	Firmicutes	Bacilli	Lactobacillales	Aerococcaceae	Abiotrophia	Abiotrophia_defectiva	FALSE	NA	unknown	unknown	unknown	unknown
Bacteria	Firmicutes	Clostridia	Clostridiales	Lachnospiraceae	Oribacterium	Oribacterium_sinus	TRUE	FALSE	anaerobe	oral	positive	non-spore-forming
Bacteria	Proteobacteria	Gammaproteobacteria	Pasteurellales	Pasteurellaceae	Aggregatibacter	Aggregatibacter_segnis	TRUE	TRUE	microaerophile	oral	negative	unknown
Bacteria	Proteobacteria	Betaproteobacteria	Neisseriales	Neisseriaceae	Neisseria	Neisseria_elongata	TRUE	FALSE	unknown	oral	negative	non-spore-forming
Bacteria	Firmicutes	Bacilli	Lactobacillales	Enterococcaceae	Enterococcus	Enterococcus_raffinosus	FALSE	TRUE	microaerophile	unknown	positive	non-spore-forming
Eukaryota	Ascomycota	Saccharomycetes	Saccharomycetales	Saccharomycetales_noname	Candida	Candida_tropicalis	NA	NA	NA	unknown	NA	NA
Bacteria	Firmicutes	Bacilli	Lactobacillales	Lactobacillaceae	Lactobacillus	Lactobacillus_pentosus	FALSE	TRUE	microaerophile	unknown	positive	non-spore-forming
Bacteria	Proteobacteria	Betaproteobacteria	Neisseriales	Neisseriaceae	Neisseria	Neisseria_sicca	TRUE	TRUE	microaerophile	oral	negative	non-spore-forming
Bacteria	Firmicutes	Clostridia	Clostridiales	Lachnospiraceae	Stomatobaculum	Stomatobaculum_longum	FALSE	FALSE	anaerobe	unknown	unknown	unknown
Bacteria	Proteobacteria	Betaproteobacteria	Neisseriales	Neisseriaceae	Neisseria	Neisseria_meningitidis	TRUE	TRUE	microaerophile	oral	negative	non-spore-forming
Bacteria	Proteobacteria	Gammaproteobacteria	Cardiobacteriales	Cardiobacteriaceae	Cardiobacterium	Cardiobacterium_valvarum	TRUE	TRUE	microaerophile	oral	negative	non-spore-forming
Bacteria	Firmicutes	Clostridia	Clostridiales	Lachnospiraceae	Shuttleworthia	Shuttleworthia_satelles	FALSE	FALSE	anaerobe	unknown	unknown	unknown
Bacteria	Firmicutes	Clostridia	Clostridiales	Lachnospiraceae	Lachnoanaerobaculum	Lachnoanaerobaculum_saburreum	FALSE	FALSE	anaerobe	unknown	unknown	unknown
Bacteria	Bacteroidetes	Bacteroidia	Bacteroidales	Prevotellaceae	Prevotella	Prevotella_veroralis	TRUE	FALSE	anaerobe	oral	negative	unknown
Bacteria	Actinobacteria	Actinobacteria	Actinomycetales	Corynebacteriaceae	Corynebacterium	Corynebacterium_accolens	TRUE	TRUE	aerobe	skin	positive	non-spore-forming
Bacteria	Actinobacteria	Actinobacteria	Bifidobacteriales	Bifidobacteriaceae	Scardovia	Scardovia_inopinata	FALSE	FALSE	anaerobe	unknown	positive	unknown
Bacteria	Bacteroidetes	Bacteroidia	Bacteroidales	Prevotellaceae	Alloprevotella	Alloprevotella_tannerae	TRUE	FALSE	anaerobe	oral	unknown	unknown
Bacteria	Firmicutes	Clostridia	Clostridiales	Clostridiales_Family_XI_Incertae_Sedis	Peptoniphilus	Peptoniphilus_harei	FALSE	FALSE	anaerobe	unknown	positive	non-spore-forming
Bacteria	Firmicutes	Clostridia	Clostridiales	Lachnospiraceae	Oribacterium	Oribacterium_sp_oral_taxon_078	TRUE	FALSE	anaerobe	oral	unknown	unknown
Bacteria	Proteobacteria	Gammaproteobacteria	Pasteurellales	Pasteurellaceae	Haemophilus	Haemophilus_haemolyticus	TRUE	FALSE	unknown	oral	negative	non-spore-forming
Bacteria	Firmicutes	Clostridia	Clostridiales	Ruminococcaceae	Ruminococcus	Ruminococcus_sp_JC304	FALSE	FALSE	anaerobe	unknown	positive	non-spore-forming
Bacteria	Actinobacteria	Actinobacteria	Coriobacteriales	Coriobacteriaceae	Atopobium	Atopobium_sp_oral_taxon_199	TRUE	FALSE	anaerobe	oral	positive	non-spore-forming
Bacteria	Actinobacteria	Actinobacteria	Actinomycetales	Corynebacteriaceae	Corynebacterium	Corynebacterium_kroppenstedtii	FALSE	TRUE	anaerobe, facultative	skin	positive	non-spore-forming
Bacteria	Actinobacteria	Actinobacteria	Coriobacteriales	Coriobacteriaceae	Slackia	Slackia_exigua	TRUE	FALSE	anaerobe	oral	unknown	unknown
Bacteria	Actinobacteria	Actinobacteria	Actinomycetales	Actinomycetaceae	Actinomyces	Actinomyces_massiliensis	TRUE	TRUE	microaerophile	oral	positive	non-spore-forming
Bacteria	Actinobacteria	Actinobacteria	Actinomycetales	Corynebacteriaceae	Corynebacterium	Corynebacterium_propinquum	TRUE	FALSE	unknown	skin	positive	non-spore-forming
Bacteria	Spirochaetes	Spirochaetia	Spirochaetales	Spirochaetaceae	Treponema	Treponema_socranskii	TRUE	FALSE	anaerobe	oral	negative	unknown
Bacteria	Firmicutes	Bacilli	Lactobacillales	Streptococcaceae	Streptococcus	Streptococcus_dysgalactiae	TRUE	TRUE	anaerobe, facultative	oral	positive	non-spore-forming
Bacteria	Firmicutes	Bacilli	Lactobacillales	Streptococcaceae	Streptococcus	Streptococcus_constellatus	TRUE	TRUE	microaerophile	oral	positive	non-spore-forming
Bacteria	Firmicutes	Negativicutes	Selenomonadales	Veillonellaceae	Selenomonas	Selenomonas_artemidis	TRUE	FALSE	anaerobe	oral	negative	unknown
Bacteria	Firmicutes	Bacilli	Lactobacillales	Streptococcaceae	Streptococcus	Streptococcus_pasteurianus	FALSE	TRUE	microaerophile	gut	positive	non-spore-forming
Bacteria	Firmicutes	Bacilli	Lactobacillales	Streptococcaceae	Streptococcus	Streptococcus_gallolyticus	FALSE	FALSE	anaerobe	gut	positive	non-spore-forming
Bacteria	Actinobacteria	Actinobacteria	Coriobacteriales	Coriobacteriaceae	Eggerthella	Eggerthella_sp_1_3_56FAA	FALSE	FALSE	anaerobe	gut	unknown	unknown
Bacteria	Firmicutes	Bacilli	Lactobacillales	Leuconostocaceae	Leuconostoc	Leuconostoc_gelidum	FALSE	FALSE	unknown	gut	positive	unknown
Bacteria	Firmicutes	Bacilli	Lactobacillales	Lactobacillaceae	Lactobacillus	Lactobacillus_helveticus	TRUE	TRUE	microaerophile	oral	positive	non-spore-forming
Bacteria	Actinobacteria	Actinobacteria	Actinomycetales	Micrococcaceae	Rothia	Rothia_aeria	TRUE	TRUE	microaerophile	oral	positive	unknown
Bacteria	Firmicutes	Bacilli	Lactobacillales	Streptococcaceae	Lactococcus	Lactococcus_raffinolactis	FALSE	FALSE	anaerobe	unknown	positive	non-spore-forming
Bacteria	Firmicutes	Bacilli	Lactobacillales	Lactobacillaceae	Lactobacillus	Lactobacillus_curvatus	FALSE	FALSE	unknown	food	positive	non-spore-forming
Bacteria	Actinobacteria	Actinobacteria	Actinomycetales	Actinomycetaceae	Actinobaculum	Actinobaculum_sp_oral_taxon_183	TRUE	FALSE	unknown	oral	unknown	unknown
Bacteria	Actinobacteria	Actinobacteria	Actinomycetales	Corynebacteriaceae	Corynebacterium	Corynebacterium_striatum	FALSE	FALSE	unknown	skin	positive	non-spore-forming
Bacteria	Firmicutes	Clostridia	Clostridiales	Clostridiales_Family_XI_Incertae_Sedis	Anaerococcus	Anaerococcus_prevotii	TRUE	FALSE	anaerobe	unknown	positive	unknown
Bacteria	Firmicutes	Bacilli	Lactobacillales	Streptococcaceae	Streptococcus	Streptococcus_oligofermentans	TRUE	FALSE	unknown	oral	positive	non-spore-forming
Bacteria	Firmicutes	Bacilli	Lactobacillales	Enterococcaceae	Enterococcus	Enterococcus_avium	FALSE	FALSE	unknown	unknown	positive	non-spore-forming
Bacteria	Firmicutes	Bacilli	Lactobacillales	Enterococcaceae	Enterococcus	Enterococcus_malodoratus	FALSE	TRUE	microaerophile	unknown	positive	non-spore-forming
Bacteria	Firmicutes	Clostridia	Clostridiales	Peptostreptococcaceae	Peptostreptococcaceae_noname	Clostridium_sordellii	FALSE	FALSE	anaerobe	unknown	positive	unknown
Bacteria	Proteobacteria	Epsilonproteobacteria	Campylobacterales	Campylobacteraceae	Campylobacter	Campylobacter_concisus	TRUE	TRUE	microaerophile	oral	negative	non-spore-forming
Bacteria	Firmicutes	Clostridia	Clostridiales	Eubacteriaceae	Eubacterium	Eubacterium_brachy	TRUE	FALSE	anaerobe	oral	positive	non-spore-forming
Bacteria	Firmicutes	Clostridia	Clostridiales	Lachnospiraceae	Lachnospiraceae_noname	Lachnospiraceae_bacterium_oral_taxon_082	TRUE	FALSE	anaerobe	oral	positive	spore-forming
Bacteria	Bacteroidetes	Bacteroidia	Bacteroidales	Prevotellaceae	Prevotella	Prevotella_oris	TRUE	FALSE	anaerobe	oral	negative	unknown
Bacteria	Bacteroidetes	Bacteroidia	Bacteroidales	Prevotellaceae	Prevotella	Prevotella_nigrescens	TRUE	FALSE	anaerobe	oral	negative	unknown
Bacteria	Actinobacteria	Actinobacteria	Actinomycetales	Corynebacteriaceae	Corynebacterium	Corynebacterium_pyruviciproducens	FALSE	TRUE	microaerophile	infection	positive	non-spore-forming
Bacteria	Proteobacteria	Gammaproteobacteria	Pasteurellales	Pasteurellaceae	Haemophilus	Haemophilus_paraphrohaemolyticus	TRUE	TRUE	microaerophile	oral	negative	non-spore-forming
Bacteria	Firmicutes	Negativicutes	Selenomonadales	Veillonellaceae	Selenomonas	Selenomonas_noxia	TRUE	FALSE	anaerobe	oral	negative	unknown
Bacteria	Proteobacteria	Gammaproteobacteria	Pseudomonadales	Pseudomonadaceae	Pseudomonas	Pseudomonas_aeruginosa	FALSE	TRUE	aerobe	skin	negative	unknown
Bacteria	Proteobacteria	Gammaproteobacteria	Pasteurellales	Pasteurellaceae	Haemophilus	Haemophilus_influenzae	TRUE	TRUE	microaerophile	oral	negative	non-spore-forming
Bacteria	Actinobacteria	Actinobacteria	Actinomycetales	Corynebacteriaceae	Corynebacterium	Corynebacterium_matruchotii	TRUE	FALSE	unknown	oral	positive	non-spore-forming
Bacteria	Proteobacteria	Gammaproteobacteria	Enterobacteriales	Enterobacteriaceae	Serratia	Serratia_liquefaciens	FALSE	TRUE	aerobe	unknown	negative	unknown
Eukaryota	Ascomycota	Saccharomycetes	Saccharomycetales	Metschnikowiaceae	Clavispora	Clavispora_lusitaniae	NA	NA	NA	unknown	NA	NA
Bacteria	Bacteroidetes	Bacteroidia	Bacteroidales	Prevotellaceae	Prevotella	Prevotella_histicola	TRUE	FALSE	anaerobe	oral	negative	non-spore-forming
Bacteria	Proteobacteria	Gammaproteobacteria	Xanthomonadales	Xanthomonadaceae	Stenotrophomonas	Stenotrophomonas_maltophilia	FALSE	TRUE	aerobe	unknown	negative	unknown
Bacteria	Proteobacteria	Betaproteobacteria	Burkholderiales	Comamonadaceae	Acidovorax	Acidovorax_ebreus	FALSE	TRUE	anaerobe, facultative	unknown	unknown	unknown
Bacteria	Firmicutes	Bacilli	Lactobacillales	Streptococcaceae	Streptococcus	Streptococcus_macedonicus	FALSE	TRUE	microaerophile	gut	positive	non-spore-forming
Bacteria	Firmicutes	Bacilli	Lactobacillales	Streptococcaceae	Streptococcus	Streptococcus_agalactiae	FALSE	TRUE	microaerophile	vaginal	positive	non-spore-forming
Bacteria	Firmicutes	Clostridia	Clostridiales	Clostridiales_Family_XI_Incertae_Sedis	Anaerococcus	Anaerococcus_obesiensis	FALSE	FALSE	anaerobe	unknown	positive	unknown
Bacteria	Firmicutes	Clostridia	Clostridiales	Clostridiales_Family_XI_Incertae_Sedis	Peptoniphilus	Peptoniphilus_sp_JC140	FALSE	FALSE	anaerobe	unknown	positive	non-spore-forming
Bacteria	Firmicutes	Clostridia	Clostridiales	Clostridiaceae	Clostridium	Clostridium_hylemonae	FALSE	FALSE	anaerobe	gut	positive	spore-forming
Bacteria	Firmicutes	Clostridia	Clostridiales	Clostridiales_Family_XI_Incertae_Sedis	Peptoniphilus	Peptoniphilus_duerdenii	FALSE	FALSE	anaerobe	infection	positive	non-spore-forming
Bacteria	Firmicutes	Bacilli	Lactobacillales	Lactobacillaceae	Lactobacillus	Lactobacillus_amylovorus	TRUE	TRUE	microaerophile	oral	positive	non-spore-forming
Bacteria	Firmicutes	Bacilli	Lactobacillales	Leuconostocaceae	Leuconostoc	Leuconostoc_carnosum	FALSE	FALSE	unknown	gut	positive	unknown
Bacteria	Bacteroidetes	Bacteroidia	Bacteroidales	Prevotellaceae	Prevotella	Prevotella_buccae	TRUE	FALSE	anaerobe	oral	negative	unknown
Bacteria	Proteobacteria	Gammaproteobacteria	Enterobacteriales	Enterobacteriaceae	Citrobacter	Citrobacter_koseri	FALSE	TRUE	anaerobe, facultative	infection	negative	unknown
Bacteria	Firmicutes	Bacilli	Lactobacillales	Streptococcaceae	Streptococcus	Streptococcus_suis	FALSE	TRUE	microaerophile	gut	positive	non-spore-forming
Bacteria	Firmicutes	Bacilli	Lactobacillales	Lactobacillaceae	Lactobacillus	Lactobacillus_farciminis	FALSE	FALSE	unknown	unknown	positive	non-spore-forming
Bacteria	Firmicutes	Bacilli	Lactobacillales	Lactobacillaceae	Lactobacillus	Lactobacillus_brevis	FALSE	TRUE	aerobe	unknown	positive	non-spore-forming
Viruses	Viruses_noname	Viruses_noname	Caudovirales	Siphoviridae	Siphoviridae_noname	Staphylococcus_phage_PVL	NA	NA	NA	unknown	NA	NA
Eukaryota	Ascomycota	Saccharomycetes	Saccharomycetales	Saccharomycetales_noname	Candida	Candida_albicans	NA	NA	NA	unknown	NA	NA
Bacteria	Actinobacteria	Actinobacteria	Actinomycetales	Micrococcaceae	Kocuria	Kocuria_rhizophila	FALSE	TRUE	aerobe	infection	positive	unknown
Bacteria	Bacteroidetes	Bacteroidia	Bacteroidales	Prevotellaceae	Prevotella	Prevotella_nanceiensis	TRUE	FALSE	anaerobe	oral	negative	non-spore-forming
Bacteria	Proteobacteria	Gammaproteobacteria	Pseudomonadales	Moraxellaceae	Enhydrobacter	Enhydrobacter_aerosaccus	FALSE	NA	unknown	unknown	unknown	unknown
Bacteria	Firmicutes	Clostridia	Clostridiales	Clostridiaceae	Clostridium	Clostridium_sp_HGF2	FALSE	FALSE	anaerobe	unknown	positive	spore-forming
Bacteria	Proteobacteria	Gammaproteobacteria	Enterobacteriales	Enterobacteriaceae	Enterobacter	Enterobacter_aerogenes	FALSE	FALSE	unknown	gut	negative	unknown
Bacteria	Firmicutes	Bacilli	Lactobacillales	Enterococcaceae	Enterococcus	Enterococcus_mundtii	FALSE	TRUE	microaerophile	unknown	positive	non-spore-forming
Bacteria	Firmicutes	Clostridia	Clostridiales	Clostridiales_Family_XI_Incertae_Sedis	Anaerococcus	Anaerococcus_hydrogenalis	FALSE	FALSE	anaerobe	infection	positive	unknown
Bacteria	Firmicutes	Bacilli	Lactobacillales	Leuconostocaceae	Leuconostoc	Leuconostoc_gasicomitatum	FALSE	FALSE	unknown	unknown	positive	unknown
Bacteria	Proteobacteria	Gammaproteobacteria	Enterobacteriales	Enterobacteriaceae	Enterobacteriaceae_noname	Enterobacteriaceae_bacterium_9_2_54FAA	FALSE	FALSE	unknown	gut	negative	unknown
Bacteria	Proteobacteria	Gammaproteobacteria	Enterobacteriales	Enterobacteriaceae	Hafnia	Hafnia_alvei	FALSE	NA	unknown	unknown	negative	unknown
Bacteria	Proteobacteria	Gammaproteobacteria	Pasteurellales	Pasteurellaceae	Aggregatibacter	Aggregatibacter_aphrophilus	TRUE	TRUE	anaerobe, facultative	oral	unknown	unknown
Bacteria	Proteobacteria	Betaproteobacteria	Neisseriales	Neisseriaceae	Neisseria	Neisseria_flavescens	TRUE	FALSE	unknown	oral	negative	non-spore-forming
Bacteria	Firmicutes	Clostridia	Clostridiales	Peptostreptococcaceae	Peptostreptococcus	Peptostreptococcus_anaerobius	TRUE	FALSE	anaerobe	infection	positive	unknown
Viruses	Viruses_noname	Viruses_noname	Viruses_noname	Retroviridae	Gammaretrovirus	Murine_osteosarcoma_virus	NA	NA	NA	unknown	NA	NA
Bacteria	Firmicutes	Erysipelotrichia	Erysipelotrichales	Erysipelotrichaceae	Bulleidia	Bulleidia_extructa	FALSE	FALSE	anaerobe	unknown	unknown	unknown
Viruses	Viruses_noname	Viruses_noname	Viruses_noname	Potyviridae	Potyvirus	Dasheen_mosaic_virus	NA	NA	NA	unknown	NA	NA
Bacteria	Firmicutes	Clostridia	Clostridiales	Clostridiaceae	Clostridium	Clostridium_sp_D5	FALSE	FALSE	anaerobe	gut	positive	spore-forming
Bacteria	Candidatus_Saccharibacteria	Candidatus_Saccharibacteria_noname	Candidatus_Saccharibacteria_noname	Candidatus_Saccharibacteria_noname	Candidatus_Saccharibacteria_noname	candidate_division_TM7_single_cell_isolate_TM7c	TRUE	FALSE	unknown	oral	unknown	unknown
Bacteria	Candidatus_Saccharibacteria	Candidatus_Saccharibacteria_noname	Candidatus_Saccharibacteria_noname	Candidatus_Saccharibacteria_noname	Candidatus_Saccharibacteria_noname	candidate_division_TM7_single_cell_isolate_TM7b	TRUE	FALSE	unknown	oral	unknown	unknown
Bacteria	Firmicutes	Negativicutes	Selenomonadales	Acidaminococcaceae	Acidaminococcus	Acidaminococcus_sp_BV3L6	FALSE	FALSE	anaerobe	gut	unknown	unknown
Viruses	Viruses_noname	Viruses_noname	Caudovirales	Siphoviridae	Siphoviridae_noname	Lactobacillus_phage_Lrm1	NA	NA	NA	unknown	NA	NA
Bacteria	Firmicutes	Bacilli	Lactobacillales	Carnobacteriaceae	Carnobacterium	Carnobacterium_maltaromaticum	FALSE	TRUE	aerobe	food	unknown	unknown
Bacteria	Firmicutes	Clostridia	Clostridiales	Clostridiaceae	Clostridium	Clostridium_celatum	FALSE	FALSE	anaerobe	gut	positive	spore-forming
Bacteria	Firmicutes	Clostridia	Clostridiales	Lachnospiraceae	Lachnospiraceae_noname	Lachnospiraceae_bacterium_ICM7	TRUE	FALSE	anaerobe	oral	positive	spore-forming
Bacteria	Bacteroidetes	Bacteroidia	Bacteroidales	Prevotellaceae	Prevotella	Prevotella_pallens	TRUE	FALSE	anaerobe	oral	negative	unknown
Viruses	Viruses_noname	Viruses_noname	Viruses_noname	Baculoviridae	Alphabaculovirus	Bombyx_mori_nucleopolyhedrovirus	NA	NA	NA	unknown	NA	NA
Bacteria	Firmicutes	Bacilli	Lactobacillales	Enterococcaceae	Enterococcus	Enterococcus_asini	FALSE	TRUE	microaerophile	unknown	positive	non-spore-forming
Bacteria	Actinobacteria	Actinobacteria	Actinomycetales	Actinomycetaceae	Actinomyces	Actinomyces_sp_ICM39	TRUE	FALSE	anaerobe	oral	positive	unknown
Bacteria	Actinobacteria	Actinobacteria	Actinomycetales	Actinomycetaceae	Actinobaculum	Actinobaculum_schaalii	FALSE	FALSE	unknown	unknown	positive	unknown
Bacteria	Proteobacteria	Betaproteobacteria	Burkholderiales	Alcaligenaceae	Bordetella	Bordetella_pertussis	FALSE	TRUE	aerobe	unknown	unknown	unknown
Bacteria	Firmicutes	Bacilli	Bacillales	Bacillaceae	Bacillus	Bacillus_amyloliquefaciens	FALSE	TRUE	aerobe	unknown	positive	spore-forming
Bacteria	Proteobacteria	Gammaproteobacteria	Cardiobacteriales	Cardiobacteriaceae	Cardiobacterium	Cardiobacterium_hominis	TRUE	TRUE	microaerophile	oral	negative	non-spore-forming
Bacteria	Actinobacteria	Actinobacteria	Actinomycetales	Actinomycetaceae	Actinomyces	Actinomyces_sp_ICM47	TRUE	FALSE	anaerobe	oral	positive	unknown
Bacteria	Firmicutes	Bacilli	Lactobacillales	Lactobacillaceae	Lactobacillus	Lactobacillus_sakei	TRUE	TRUE	anaerobe, facultative	food	positive	non-spore-forming
Bacteria	Firmicutes	Clostridia	Clostridiales	Eubacteriaceae	Eubacterium	Eubacterium_saphenum	TRUE	FALSE	anaerobe	oral	positive	non-spore-forming
Bacteria	Firmicutes	Clostridia	Clostridiales	Lachnospiraceae	Anaerostipes	Anaerostipes_sp_3_2_56FAA	FALSE	FALSE	anaerobe	unknown	positive	unknown
Bacteria	Firmicutes	Clostridia	Clostridiales	Clostridiaceae	Clostridium	Clostridium_tyrobutyricum	FALSE	FALSE	anaerobe	unknown	positive	spore-forming
Bacteria	Firmicutes	Clostridia	Clostridiales	Clostridiales_Family_XI_Incertae_Sedis	Clostridiales_Family_XI_Incertae_Sedis_noname	Clostridiales_bacterium_BV3C26	FALSE	FALSE	anaerobe	unknown	unknown	unknown
Bacteria	Firmicutes	Bacilli	Lactobacillales	Enterococcaceae	Enterococcus	Enterococcus_dispar	FALSE	TRUE	microaerophile	gut	positive	non-spore-forming
Bacteria	Firmicutes	Bacilli	Lactobacillales	Streptococcaceae	Streptococcus	Streptococcus_pyogenes	TRUE	TRUE	microaerophile	unknown	positive	non-spore-forming
Bacteria	Actinobacteria	Actinobacteria	Actinomycetales	Actinomycetaceae	Actinobaculum	Actinobaculum_massiliense	FALSE	TRUE	microaerophile	unknown	positive	non-spore-forming
Bacteria	Bacteroidetes	Flavobacteriia	Flavobacteriales	Flavobacteriaceae	Capnocytophaga	Capnocytophaga_gingivalis	TRUE	TRUE	microaerophile	oral	unknown	unknown
Bacteria	Proteobacteria	Betaproteobacteria	Neisseriales	Neisseriaceae	Neisseria	Neisseria_macacae	TRUE	TRUE	aerobe	oral	negative	non-spore-forming
Bacteria	Bacteroidetes	Bacteroidia	Bacteroidales	Bacteroidaceae	Bacteroides	Bacteroides_sp_4_3_47FAA	FALSE	FALSE	anaerobe	gut	negative	unknown
Bacteria	Firmicutes	Bacilli	Lactobacillales	Lactobacillaceae	Lactobacillus	Lactobacillus_johnsonii	FALSE	FALSE	anaerobe	unknown	positive	non-spore-forming
Bacteria	Actinobacteria	Actinobacteria	Actinomycetales	Actinomycetaceae	Actinomyces	Actinomyces_neuii	FALSE	TRUE	microaerophile	vaginal	positive	non-spore-forming
Bacteria	Firmicutes	Bacilli	Lactobacillales	Aerococcaceae	Facklamia	Facklamia_hominis	FALSE	FALSE	unknown	infection	unknown	unknown
Bacteria	Firmicutes	Bacilli	Lactobacillales	Streptococcaceae	Streptococcus	Streptococcus_urinalis	FALSE	TRUE	microaerophile	unknown	positive	non-spore-forming
Bacteria	Fusobacteria	Fusobacteriia	Fusobacteriales	Fusobacteriaceae	Fusobacterium	Fusobacterium_necrophorum	TRUE	FALSE	anaerobe	oral	negative	non-spore-forming
Bacteria	Firmicutes	Bacilli	Lactobacillales	Streptococcaceae	Streptococcus	Streptococcus_pseudopneumoniae	TRUE	TRUE	microaerophile	oral	positive	non-spore-forming
Bacteria	Actinobacteria	Actinobacteria	Coriobacteriales	Coriobacteriaceae	Atopobium	Atopobium_minutum	FALSE	FALSE	anaerobe	gut	positive	non-spore-forming
Bacteria	Firmicutes	Clostridia	Clostridiales	Clostridiales_noname	Clostridiales_noname	Bacteroides_pectinophilus	FALSE	FALSE	anaerobe	gut	positive	spore-forming
Bacteria	Proteobacteria	Gammaproteobacteria	Pseudomonadales	Pseudomonadaceae	Pseudomonas	Pseudomonas_fragi	FALSE	TRUE	aerobe	gut	negative	unknown
Viruses	Viruses_noname	Viruses_noname	Caudovirales	Siphoviridae	Siphoviridae_noname	Lactococcus_phage_936_sensu_lato	NA	NA	NA	unknown	NA	NA
