kingdom	phylum	class	order	family	genus	species
Bacteria	Bacteroidetes	Bacteroidia	Bacteroidales	Bacteroidaceae	Bacteroides	Bacteroides_caccae
Bacteria	Firmicutes	Clostridia	Clostridiales	Ruminococcaceae	Subdoligranulum	Subdoligranulum_unclassified
Bacteria	Bacteroidetes	Bacteroidia	Bacteroidales	Rikenellaceae	Alistipes	Alistipes_putredinis
Bacteria	Bacteroidetes	Bacteroidia	Bacteroidales	Bacteroidaceae	Bacteroides	Bacteroides_dorei
Bacteria	Firmicutes	Clostridia	Clostridiales	Ruminococcaceae	Ruminococcus	Ruminococcus_bromii
Bacteria	Firmicutes	Clostridia	Clostridiales	Lachnospiraceae	Blautia	Ruminococcus_gnavus
Bacteria	Bacteroidetes	Bacteroidia	Bacteroidales	Rikenellaceae	Alistipes	Alistipes_onderdonkii
Bacteria	Bacteroidetes	Bacteroidia	Bacteroidales	Bacteroidaceae	Bacteroides	Bacteroides_stercoris
Bacteria	Firmicutes	Clostridia	Clostridiales	Eubacteriaceae	Eubacterium	Eubacterium_siraeum
Bacteria	Bacteroidetes	Bacteroidia	Bacteroidales	Porphyromonadaceae	Parabacteroides	Parabacteroides_unclassified
Bacteria	Bacteroidetes	Bacteroidia	Bacteroidales	Rikenellaceae	Alistipes	Alistipes_shahii
Bacteria	Firmicutes	Clostridia	Clostridiales	Lachnospiraceae	Blautia	Ruminococcus_torques
Bacteria	Bacteroidetes	Bacteroidia	Bacteroidales	Rikenellaceae	Alistipes	Alistipes_finegoldii
Bacteria	Firmicutes	Clostridia	Clostridiales	Ruminococcaceae	Subdoligranulum	Subdoligranulum_sp_4_3_54A2FAA
Bacteria	Bacteroidetes	Bacteroidia	Bacteroidales	Bacteroidaceae	Bacteroides	Bacteroides_sp_2_1_22
Bacteria	Bacteroidetes	Bacteroidia	Bacteroidales	Bacteroidaceae	Bacteroides	Bacteroides_uniformis
Bacteria	Firmicutes	Clostridia	Clostridiales	Ruminococcaceae	Faecalibacterium	Faecalibacterium_prausnitzii
Bacteria	Firmicutes	Clostridia	Clostridiales	Lachnospiraceae	Lachnospiraceae_noname	Lachnospiraceae_bacterium_3_1_57FAA_CT1
Bacteria	Firmicutes	Clostridia	Clostridiales	Lachnospiraceae	Coprococcus	Coprococcus_sp_ART55_1
Bacteria	Bacteroidetes	Bacteroidia	Bacteroidales	Bacteroidaceae	Bacteroides	Bacteroides_ovatus
Bacteria	Proteobacteria	Gammaproteobacteria	Enterobacteriales	Enterobacteriaceae	Escherichia	Escherichia_coli
Bacteria	Firmicutes	Clostridia	Clostridiales	Ruminococcaceae	Ruminococcus	Ruminococcus_lactaris
Bacteria	Bacteroidetes	Bacteroidia	Bacteroidales	Bacteroidaceae	Bacteroides	Bacteroides_intestinalis
Bacteria	Firmicutes	Clostridia	Clostridiales	Lachnospiraceae	Coprococcus	Coprococcus_comes
Bacteria	Firmicutes	Clostridia	Clostridiales	Lachnospiraceae	Roseburia	Roseburia_hominis
Bacteria	Firmicutes	Clostridia	Clostridiales	Eubacteriaceae	Eubacterium	Eubacterium_eligens
Bacteria	Firmicutes	Clostridia	Clostridiales	Clostridiaceae	Clostridium	Clostridium_bolteae
Bacteria	Firmicutes	Clostridia	Clostridiales	Clostridiaceae	Clostridium	Clostridium_symbiosum
Bacteria	Firmicutes	Clostridia	Clostridiales	Eubacteriaceae	Eubacterium	Eubacterium_rectale
Bacteria	Firmicutes	Clostridia	Clostridiales	Eubacteriaceae	Eubacterium	Eubacterium_ramulus
Bacteria	Firmicutes	Clostridia	Clostridiales	Lachnospiraceae	Lachnospiraceae_noname	Lachnospiraceae_bacterium_3_1_46FAA
Bacteria	Bacteroidetes	Bacteroidia	Bacteroidales	Bacteroidaceae	Bacteroides	Bacteroides_thetaiotaomicron
Bacteria	Actinobacteria	Actinobacteria	Coriobacteriales	Coriobacteriaceae	Collinsella	Collinsella_aerofaciens
Bacteria	Bacteroidetes	Bacteroidia	Bacteroidales	Rikenellaceae	Alistipes	Alistipes_indistinctus
Bacteria	Firmicutes	Bacilli	Lactobacillales	Streptococcaceae	Streptococcus	Streptococcus_salivarius
Bacteria	Bacteroidetes	Bacteroidia	Bacteroidales	Bacteroidaceae	Bacteroides	Bacteroides_vulgatus
Bacteria	Bacteroidetes	Bacteroidia	Bacteroidales	Porphyromonadaceae	Parabacteroides	Parabacteroides_distasonis
Bacteria	Firmicutes	Clostridia	Clostridiales	Clostridiaceae	Clostridium	Clostridium_leptum
Bacteria	Firmicutes	Clostridia	Clostridiales	Lachnospiraceae	Blautia	Ruminococcus_obeum
Bacteria	Firmicutes	Clostridia	Clostridiales	Lachnospiraceae	Dorea	Dorea_longicatena
Bacteria	Actinobacteria	Actinobacteria	Bifidobacteriales	Bifidobacteriaceae	Bifidobacterium	Bifidobacterium_longum
Bacteria	Actinobacteria	Actinobacteria	Bifidobacteriales	Bifidobacteriaceae	Bifidobacterium	Bifidobacterium_adolescentis
Bacteria	Firmicutes	Clostridia	Clostridiales	Ruminococcaceae	Ruminococcus	Ruminococcus_callidus
Bacteria	Firmicutes	Clostridia	Clostridiales	Clostridiaceae	Clostridium	Clostridium_citroniae
Bacteria	Firmicutes	Clostridia	Clostridiales	Oscillospiraceae	Oscillibacter	Oscillibacter_unclassified
Bacteria	Firmicutes	Clostridia	Clostridiales	Eubacteriaceae	Eubacterium	Eubacterium_hallii
Bacteria	Firmicutes	Clostridia	Clostridiales	Lachnospiraceae	Roseburia	Roseburia_intestinalis
Bacteria	Firmicutes	Clostridia	Clostridiales	Lachnospiraceae	Anaerostipes	Anaerostipes_hadrus
Bacteria	Firmicutes	Clostridia	Clostridiales	Ruminococcaceae	Anaerotruncus	Anaerotruncus_unclassified
Bacteria	Firmicutes	Clostridia	Clostridiales	Lachnospiraceae	Lachnospiraceae_noname	Lachnospiraceae_bacterium_5_1_63FAA
Bacteria	Firmicutes	Clostridia	Clostridiales	Clostridiaceae	Clostridium	Clostridium_asparagiforme
Bacteria	Firmicutes	Clostridia	Clostridiales	Clostridiaceae	Clostridium	Clostridium_hathewayi
Bacteria	Firmicutes	Erysipelotrichia	Erysipelotrichales	Erysipelotrichaceae	Erysipelotrichaceae_noname	Erysipelotrichaceae_bacterium_6_1_45
Bacteria	Firmicutes	Clostridia	Clostridiales	Lachnospiraceae	Coprococcus	Coprococcus_catus
Bacteria	Proteobacteria	Deltaproteobacteria	Desulfovibrionales	Desulfovibrionaceae	Desulfovibrio	Desulfovibrio_piger
Bacteria	Firmicutes	Clostridia	Clostridiales	Lachnospiraceae	Dorea	Dorea_formicigenerans
Bacteria	Proteobacteria	Epsilonproteobacteria	Campylobacterales	Campylobacteraceae	Campylobacter	Campylobacter_hominis
Bacteria	Firmicutes	Clostridia	Clostridiales	Ruminococcaceae	Ruminococcaceae_noname	Ruminococcaceae_bacterium_D16
Bacteria	Firmicutes	Negativicutes	Selenomonadales	Veillonellaceae	Veillonella	Veillonella_parvula
Bacteria	Actinobacteria	Actinobacteria	Coriobacteriales	Coriobacteriaceae	Adlercreutzia	Adlercreutzia_equolifaciens
Bacteria	Firmicutes	Negativicutes	Selenomonadales	Veillonellaceae	Veillonella	Veillonella_unclassified
Bacteria	Firmicutes	Clostridia	Clostridiales	Lachnospiraceae	Lachnospiraceae_noname	Lachnospiraceae_bacterium_7_1_58FAA
Bacteria	Bacteroidetes	Bacteroidia	Bacteroidales	Rikenellaceae	Alistipes	Alistipes_senegalensis
Bacteria	Firmicutes	Bacilli	Lactobacillales	Streptococcaceae	Streptococcus	Streptococcus_parasanguinis
Bacteria	Firmicutes	Clostridia	Clostridiales	Eubacteriaceae	Eubacterium	Eubacterium_sp_3_1_31
Bacteria	Proteobacteria	Gammaproteobacteria	Enterobacteriales	Enterobacteriaceae	Enterobacter	Enterobacter_cloacae
Bacteria	Proteobacteria	Deltaproteobacteria	Desulfovibrionales	Desulfovibrionaceae	Bilophila	Bilophila_unclassified
Bacteria	Firmicutes	Bacilli	Lactobacillales	Streptococcaceae	Streptococcus	Streptococcus_gordonii
Bacteria	Firmicutes	Erysipelotrichia	Erysipelotrichales	Erysipelotrichaceae	Holdemania	Holdemania_filiformis
Bacteria	Firmicutes	Clostridia	Clostridiales	Peptostreptococcaceae	Peptostreptococcaceae_noname	Peptostreptococcaceae_noname_unclassified
Bacteria	Firmicutes	Erysipelotrichia	Erysipelotrichales	Erysipelotrichaceae	Erysipelotrichaceae_noname	Erysipelotrichaceae_bacterium_2_2_44A
Bacteria	Firmicutes	Bacilli	Bacillales	Bacillales_noname	Gemella	Gemella_morbillorum
Bacteria	Verrucomicrobia	Verrucomicrobiae	Verrucomicrobiales	Verrucomicrobiaceae	Akkermansia	Akkermansia_muciniphila
Bacteria	Firmicutes	Erysipelotrichia	Erysipelotrichales	Erysipelotrichaceae	Solobacterium	Solobacterium_moorei
Bacteria	Proteobacteria	Betaproteobacteria	Burkholderiales	Sutterellaceae	Parasutterella	Parasutterella_excrementihominis
Bacteria	Bacteroidetes	Bacteroidia	Bacteroidales	Prevotellaceae	Prevotella	Prevotella_buccalis
Bacteria	Firmicutes	Clostridia	Clostridiales	Clostridiales_noname	Clostridiales_noname	Clostridiales_bacterium_1_7_47FAA
Bacteria	Actinobacteria	Actinobacteria	Actinomycetales	Micrococcaceae	Rothia	Rothia_mucilaginosa
Bacteria	Bacteroidetes	Bacteroidia	Bacteroidales	Porphyromonadaceae	Porphyromonas	Porphyromonas_asaccharolytica
Bacteria	Firmicutes	Erysipelotrichia	Erysipelotrichales	Erysipelotrichaceae	Erysipelotrichaceae_noname	Erysipelotrichaceae_bacterium_21_3
Bacteria	Firmicutes	Clostridia	Clostridiales	Lachnospiraceae	Roseburia	Roseburia_inulinivorans
Bacteria	Firmicutes	Clostridia	Clostridiales	Clostridiales_noname	Pseudoflavonifractor	Pseudoflavonifractor_capillosus
Bacteria	Bacteroidetes	Bacteroidia	Bacteroidales	Porphyromonadaceae	Porphyromonas	Porphyromonas_bennonis
Bacteria	Firmicutes	Clostridia	Clostridiales	Lachnospiraceae	Lachnospiraceae_noname	Lachnospiraceae_bacterium_2_1_58FAA
Bacteria	Actinobacteria	Actinobacteria	Coriobacteriales	Coriobacteriaceae	Gordonibacter	Gordonibacter_pamelaeae
Bacteria	Firmicutes	Bacilli	Lactobacillales	Streptococcaceae	Streptococcus	Streptococcus_australis
Bacteria	Firmicutes	Clostridia	Clostridiales	Ruminococcaceae	Subdoligranulum	Subdoligranulum_variabile
Bacteria	Firmicutes	Clostridia	Clostridiales	Lachnospiraceae	Blautia	Blautia_hydrogenotrophica
Bacteria	Bacteroidetes	Bacteroidia	Bacteroidales	Bacteroidaceae	Bacteroides	Bacteroides_nordii
Bacteria	Firmicutes	Bacilli	Lactobacillales	Streptococcaceae	Streptococcus	Streptococcus_infantis
Bacteria	Proteobacteria	Gammaproteobacteria	Pasteurellales	Pasteurellaceae	Haemophilus	Haemophilus_parainfluenzae
Bacteria	Actinobacteria	Actinobacteria	Coriobacteriales	Coriobacteriaceae	Eggerthella	Eggerthella_unclassified
Bacteria	Firmicutes	Bacilli	Lactobacillales	Streptococcaceae	Streptococcus	Streptococcus_anginosus
Bacteria	Firmicutes	Negativicutes	Selenomonadales	Veillonellaceae	Mitsuokella	Mitsuokella_unclassified
Viruses	Viruses_noname	Viruses_noname	Caudovirales	Siphoviridae	C2likevirus	C2likevirus_unclassified
Bacteria	Proteobacteria	Betaproteobacteria	Burkholderiales	Oxalobacteraceae	Oxalobacter	Oxalobacter_formigenes
Bacteria	Firmicutes	Erysipelotrichia	Erysipelotrichales	Erysipelotrichaceae	Holdemania	Holdemania_unclassified
Bacteria	Firmicutes	Clostridia	Clostridiales	Eubacteriaceae	Eubacterium	Eubacterium_limosum
Bacteria	Proteobacteria	Gammaproteobacteria	Enterobacteriales	Enterobacteriaceae	Klebsiella	Klebsiella_unclassified
Bacteria	Bacteroidetes	Bacteroidia	Bacteroidales	Porphyromonadaceae	Porphyromonas	Porphyromonas_somerae
Bacteria	Firmicutes	Clostridia	Clostridiales	Eubacteriaceae	Anaerofustis	Anaerofustis_stercorihominis
Bacteria	Firmicutes	Clostridia	Clostridiales	Ruminococcaceae	Anaerotruncus	Anaerotruncus_colihominis
Bacteria	Firmicutes	Clostridia	Clostridiales	Peptostreptococcaceae	Peptostreptococcaceae_noname	Clostridium_bartlettii
Bacteria	Proteobacteria	Deltaproteobacteria	Desulfovibrionales	Desulfovibrionaceae	Bilophila	Bilophila_wadsworthia
Bacteria	Firmicutes	Bacilli	Lactobacillales	Streptococcaceae	Streptococcus	Streptococcus_sanguinis
Bacteria	Firmicutes	Clostridia	Clostridiales	Ruminococcaceae	Ruminococcus	Ruminococcus_albus
Bacteria	Firmicutes	Clostridia	Clostridiales	Peptostreptococcaceae	Peptostreptococcus	Peptostreptococcus_unclassified
Bacteria	Proteobacteria	Betaproteobacteria	Burkholderiales	Burkholderiales_noname	Burkholderiales_noname	Burkholderiales_bacterium_1_1_47
Bacteria	Firmicutes	Bacilli	Lactobacillales	Streptococcaceae	Lactococcus	Lactococcus_lactis
Bacteria	Bacteroidetes	Bacteroidia	Bacteroidales	Porphyromonadaceae	Porphyromonas	Porphyromonas_uenonis
Bacteria	Firmicutes	Clostridia	Clostridiales	Lachnospiraceae	Butyrivibrio	Butyrivibrio_crossotus
Bacteria	Bacteroidetes	Bacteroidia	Bacteroidales	Bacteroidaceae	Bacteroides	Bacteroides_massiliensis
Bacteria	Bacteroidetes	Bacteroidia	Bacteroidales	Prevotellaceae	Prevotella	Prevotella_copri
Bacteria	Firmicutes	Erysipelotrichia	Erysipelotrichales	Erysipelotrichaceae	Catenibacterium	Catenibacterium_mitsuokai
Bacteria	Bacteroidetes	Bacteroidia	Bacteroidales	Porphyromonadaceae	Odoribacter	Odoribacter_splanchnicus
Bacteria	Bacteroidetes	Bacteroidia	Bacteroidales	Bacteroidaceae	Bacteroides	Bacteroides_finegoldii
Bacteria	Bacteroidetes	Bacteroidia	Bacteroidales	Bacteroidales_noname	Bacteroidales_noname	Bacteroidales_bacterium_ph8
Bacteria	Bacteroidetes	Bacteroidia	Bacteroidales	Bacteroidaceae	Bacteroides	Bacteroides_eggerthii
Bacteria	Proteobacteria	Betaproteobacteria	Burkholderiales	Sutterellaceae	Sutterella	Sutterella_wadsworthensis
Bacteria	Bacteroidetes	Bacteroidia	Bacteroidales	Porphyromonadaceae	Parabacteroides	Parabacteroides_merdae
Bacteria	Firmicutes	Clostridia	Clostridiales	Ruminococcaceae	Ruminococcus	Ruminococcus_sp_5_1_39BFAA
Bacteria	Firmicutes	Clostridia	Clostridiales	Lachnospiraceae	Roseburia	Roseburia_unclassified
Bacteria	Bacteroidetes	Bacteroidia	Bacteroidales	Bacteroidaceae	Bacteroides	Bacteroides_cellulosilyticus
Bacteria	Bacteroidetes	Bacteroidia	Bacteroidales	Bacteroidaceae	Bacteroides	Bacteroides_xylanisolvens
Bacteria	Firmicutes	Clostridia	Clostridiales	Eubacteriaceae	Eubacterium	Eubacterium_ventriosum
Bacteria	Firmicutes	Bacilli	Lactobacillales	Streptococcaceae	Streptococcus	Streptococcus_mitis_oralis_pneumoniae
Archaea	Euryarchaeota	Methanobacteria	Methanobacteriales	Methanobacteriaceae	Methanobrevibacter	Methanobrevibacter_smithii
Bacteria	Bacteroidetes	Bacteroidia	Bacteroidales	Porphyromonadaceae	Coprobacter	Coprobacter_fastidiosus
Bacteria	Bacteroidetes	Bacteroidia	Bacteroidales	Bacteroidaceae	Bacteroides	Bacteroides_faecis
Bacteria	Bacteroidetes	Bacteroidia	Bacteroidales	Bacteroidaceae	Bacteroides	Bacteroides_salyersiae
Bacteria	Firmicutes	Negativicutes	Selenomonadales	Veillonellaceae	Veillonella	Veillonella_atypica
Bacteria	Bacteroidetes	Bacteroidia	Bacteroidales	Porphyromonadaceae	Butyricimonas	Butyricimonas_synergistica
Bacteria	Bacteroidetes	Bacteroidia	Bacteroidales	Porphyromonadaceae	Parabacteroides	Parabacteroides_goldsteinii
Bacteria	Firmicutes	Negativicutes	Selenomonadales	Veillonellaceae	Veillonella	Veillonella_dispar
Bacteria	Proteobacteria	Gammaproteobacteria	Enterobacteriales	Enterobacteriaceae	Escherichia	Escherichia_unclassified
Bacteria	Firmicutes	Clostridia	Clostridiales	Lachnospiraceae	Lachnospiraceae_noname	Lachnospiraceae_bacterium_8_1_57FAA
Bacteria	Firmicutes	Clostridia	Clostridiales	Lachnospiraceae	Lachnospiraceae_noname	Lachnospiraceae_bacterium_1_1_57FAA
Bacteria	Actinobacteria	Actinobacteria	Coriobacteriales	Coriobacteriaceae	Atopobium	Atopobium_parvulum
Bacteria	Proteobacteria	Deltaproteobacteria	Desulfovibrionales	Desulfovibrionaceae	Desulfovibrio	Desulfovibrio_desulfuricans
Bacteria	Firmicutes	Bacilli	Lactobacillales	Streptococcaceae	Streptococcus	Streptococcus_thermophilus
Bacteria	Firmicutes	Clostridia	Clostridiales	Clostridiales_Family_XI_Incertae_Sedis	Parvimonas	Parvimonas_unclassified
Bacteria	Bacteroidetes	Bacteroidia	Bacteroidales	Bacteroidaceae	Bacteroides	Bacteroides_clarus
Bacteria	Firmicutes	Erysipelotrichia	Erysipelotrichales	Erysipelotrichaceae	Erysipelotrichaceae_noname	Eubacterium_cylindroides
Bacteria	Firmicutes	Erysipelotrichia	Erysipelotrichales	Erysipelotrichaceae	Erysipelotrichaceae_noname	Eubacterium_dolichum
Bacteria	Firmicutes	Negativicutes	Selenomonadales	Veillonellaceae	Dialister	Dialister_invisus
Bacteria	Bacteroidetes	Bacteroidia	Bacteroidales	Bacteroidaceae	Bacteroides	Bacteroides_plebeius
Bacteria	Bacteroidetes	Bacteroidia	Bacteroidales	Porphyromonadaceae	Barnesiella	Barnesiella_intestinihominis
Bacteria	Firmicutes	Negativicutes	Selenomonadales	Veillonellaceae	Megasphaera	Megasphaera_unclassified
Bacteria	Firmicutes	Clostridia	Clostridiales	Ruminococcaceae	Ruminococcus	Ruminococcus_flavefaciens
Bacteria	Actinobacteria	Actinobacteria	Coriobacteriales	Coriobacteriaceae	Collinsella	Collinsella_intestinalis
Bacteria	Bacteroidetes	Bacteroidia	Bacteroidales	Bacteroidaceae	Bacteroides	Bacteroides_fragilis
Bacteria	Firmicutes	Clostridia	Clostridiales	Lachnospiraceae	Dorea	Dorea_unclassified
Bacteria	Actinobacteria	Actinobacteria	Bifidobacteriales	Bifidobacteriaceae	Bifidobacterium	Bifidobacterium_bifidum
Bacteria	Actinobacteria	Actinobacteria	Bifidobacteriales	Bifidobacteriaceae	Bifidobacterium	Bifidobacterium_pseudocatenulatum
Bacteria	Bacteroidetes	Bacteroidia	Bacteroidales	Rikenellaceae	Alistipes	Alistipes_unclassified
Bacteria	Actinobacteria	Actinobacteria	Bifidobacteriales	Bifidobacteriaceae	Bifidobacterium	Bifidobacterium_breve
Bacteria	Firmicutes	Negativicutes	Selenomonadales	Veillonellaceae	Megasphaera	Megasphaera_micronuciformis
Bacteria	Firmicutes	Erysipelotrichia	Erysipelotrichales	Erysipelotrichaceae	Coprobacillus	Coprobacillus_unclassified
Bacteria	Firmicutes	Clostridia	Clostridiales	Lachnospiraceae	Lachnospiraceae_noname	Lachnospiraceae_bacterium_9_1_43BFAA
Bacteria	Firmicutes	Clostridia	Clostridiales	Lachnospiraceae	Lachnospiraceae_noname	Lachnospiraceae_bacterium_5_1_57FAA
Bacteria	Firmicutes	Clostridia	Clostridiales	Clostridiales_noname	Flavonifractor	Flavonifractor_plautii
Bacteria	Firmicutes	Clostridia	Clostridiales	Lachnospiraceae	Anaerostipes	Anaerostipes_unclassified
Bacteria	Firmicutes	Clostridia	Clostridiales	Clostridiaceae	Clostridium	Clostridium_clostridioforme
Bacteria	Firmicutes	Erysipelotrichia	Erysipelotrichales	Erysipelotrichaceae	Erysipelotrichaceae_noname	Clostridium_ramosum
Bacteria	Firmicutes	Clostridia	Clostridiales	Clostridiaceae	Clostridiaceae_noname	Clostridiaceae_bacterium_JC118
Bacteria	Bacteroidetes	Bacteroidia	Bacteroidales	Porphyromonadaceae	Dysgonomonas	Dysgonomonas_unclassified
Bacteria	Bacteroidetes	Bacteroidia	Bacteroidales	Porphyromonadaceae	Odoribacter	Odoribacter_laneus
Bacteria	Firmicutes	Clostridia	Clostridiales	Clostridiaceae	Clostridium	Clostridium_sp_L2_50
Bacteria	Bacteroidetes	Bacteroidia	Bacteroidales	Prevotellaceae	Paraprevotella	Paraprevotella_unclassified
Bacteria	Bacteroidetes	Bacteroidia	Bacteroidales	Prevotellaceae	Paraprevotella	Paraprevotella_clara
Bacteria	Bacteroidetes	Bacteroidia	Bacteroidales	Prevotellaceae	Paraprevotella	Paraprevotella_xylaniphila
Bacteria	Bacteroidetes	Bacteroidia	Bacteroidales	Rikenellaceae	Alistipes	Alistipes_sp_AP11
Bacteria	Firmicutes	Negativicutes	Selenomonadales	Acidaminococcaceae	Acidaminococcus	Acidaminococcus_intestini
Bacteria	Proteobacteria	Gammaproteobacteria	Pasteurellales	Pasteurellaceae	Actinobacillus	Actinobacillus_unclassified
Bacteria	Firmicutes	Bacilli	Lactobacillales	Enterococcaceae	Enterococcus	Enterococcus_faecium
Bacteria	Bacteroidetes	Bacteroidia	Bacteroidales	Prevotellaceae	Prevotella	Prevotella_disiens
Bacteria	Proteobacteria	Betaproteobacteria	Burkholderiales	Burkholderiales_noname	Thiomonas	Thiomonas_unclassified
Bacteria	Bacteroidetes	Bacteroidia	Bacteroidales	Prevotellaceae	Prevotella	Prevotella_bivia
Bacteria	Bacteroidetes	Bacteroidia	Bacteroidales	Porphyromonadaceae	Parabacteroides	Parabacteroides_johnsonii
Bacteria	Firmicutes	Bacilli	Lactobacillales	Streptococcaceae	Streptococcus	Streptococcus_vestibularis
Archaea	Euryarchaeota	Methanobacteria	Methanobacteriales	Methanobacteriaceae	Methanosphaera	Methanosphaera_stadtmanae
Bacteria	Firmicutes	Negativicutes	Selenomonadales	Veillonellaceae	Megamonas	Megamonas_unclassified
Bacteria	Firmicutes	Negativicutes	Selenomonadales	Veillonellaceae	Megamonas	Megamonas_hypermegale
Bacteria	Firmicutes	Erysipelotrichia	Erysipelotrichales	Erysipelotrichaceae	Erysipelotrichaceae_noname	Eubacterium_biforme
Bacteria	Firmicutes	Negativicutes	Selenomonadales	Veillonellaceae	Megamonas	Megamonas_funiformis
Bacteria	Firmicutes	Negativicutes	Selenomonadales	Veillonellaceae	Megamonas	Megamonas_rupellensis
Bacteria	Firmicutes	Clostridia	Clostridiales	Clostridiaceae	Clostridium	Clostridium_nexile
Archaea	Euryarchaeota	Methanobacteria	Methanobacteriales	Methanobacteriaceae	Methanobrevibacter	Methanobrevibacter_unclassified
Bacteria	Firmicutes	Negativicutes	Selenomonadales	Acidaminococcaceae	Phascolarctobacterium	Phascolarctobacterium_succinatutens
Bacteria	Bacteroidetes	Bacteroidia	Bacteroidales	Rikenellaceae	Alistipes	Alistipes_sp_HGB5
Bacteria	Firmicutes	Clostridia	Clostridiales	Lachnospiraceae	Lachnospiraceae_noname	Lachnospiraceae_bacterium_1_4_56FAA
Bacteria	Bacteroidetes	Bacteroidia	Bacteroidales	Bacteroidaceae	Bacteroides	Bacteroides_fluxus
Bacteria	Firmicutes	Erysipelotrichia	Erysipelotrichales	Erysipelotrichaceae	Erysipelotrichaceae_noname	Clostridium_spiroforme
Bacteria	Firmicutes	Erysipelotrichia	Erysipelotrichales	Erysipelotrichaceae	Erysipelotrichaceae_noname	Erysipelotrichaceae_bacterium_5_2_54FAA
Bacteria	Proteobacteria	Gammaproteobacteria	Pseudomonadales	Pseudomonadaceae	Pseudomonas	Pseudomonas_unclassified
Bacteria	Firmicutes	Negativicutes	Selenomonadales	Acidaminococcaceae	Acidaminococcus	Acidaminococcus_unclassified
Viruses	Viruses_noname	Viruses_noname	Caudovirales	Podoviridae	Epsilon15likevirus	Epsilon15likevirus_unclassified
Bacteria	Bacteroidetes	Bacteroidia	Bacteroidales	Bacteroidaceae	Bacteroides	Bacteroides_coprocola
Bacteria	Firmicutes	Clostridia	Clostridiales	Clostridiaceae	Clostridium	Clostridium_sp_ATCC_BAA_442
Bacteria	Firmicutes	Erysipelotrichia	Erysipelotrichales	Erysipelotrichaceae	Holdemania	Holdemania_sp_AP2
Bacteria	Firmicutes	Bacilli	Lactobacillales	Lactobacillaceae	Lactobacillus	Lactobacillus_iners
Bacteria	Firmicutes	Bacilli	Lactobacillales	Lactobacillaceae	Lactobacillus	Lactobacillus_crispatus
Bacteria	Firmicutes	Bacilli	Lactobacillales	Lactobacillaceae	Lactobacillus	Lactobacillus_jensenii
Bacteria	Actinobacteria	Actinobacteria	Coriobacteriales	Coriobacteriaceae	Collinsella	Collinsella_unclassified
Bacteria	Actinobacteria	Actinobacteria	Bifidobacteriales	Bifidobacteriaceae	Bifidobacterium	Bifidobacterium_angulatum
Bacteria	Firmicutes	Negativicutes	Selenomonadales	Veillonellaceae	Mitsuokella	Mitsuokella_multacida
Bacteria	Actinobacteria	Actinobacteria	Coriobacteriales	Coriobacteriaceae	Collinsella	Collinsella_tanakaei
Bacteria	Firmicutes	Erysipelotrichia	Erysipelotrichales	Erysipelotrichaceae	Turicibacter	Turicibacter_unclassified
Bacteria	Bacteroidetes	Bacteroidia	Bacteroidales	Prevotellaceae	Prevotella	Prevotella_timonensis
Bacteria	Actinobacteria	Actinobacteria	Bifidobacteriales	Bifidobacteriaceae	Bifidobacterium	Bifidobacterium_catenulatum
Bacteria	Firmicutes	Clostridia	Clostridiales	Lachnospiraceae	Coprococcus	Coprococcus_eutactus
Bacteria	Firmicutes	Clostridia	Clostridiales	Clostridiaceae	Clostridium	Clostridium_methylpentosum
Bacteria	Actinobacteria	Actinobacteria	Coriobacteriales	Coriobacteriaceae	Eggerthella	Eggerthella_lenta
Bacteria	Actinobacteria	Actinobacteria	Actinomycetales	Propionibacteriaceae	Propionibacterium	Propionibacterium_acnes
Bacteria	Fusobacteria	Fusobacteriia	Fusobacteriales	Leptotrichiaceae	Leptotrichia	Leptotrichia_wadei
Bacteria	Fusobacteria	Fusobacteriia	Fusobacteriales	Leptotrichiaceae	Leptotrichia	Leptotrichia_unclassified
Bacteria	Bacteroidetes	Bacteroidia	Bacteroidales	Prevotellaceae	Prevotella	Prevotella_melaninogenica
Bacteria	Firmicutes	Clostridia	Clostridiales	Clostridiales_Family_XIII_Incertae_Sedis	Clostridiales_Family_XIII_Incertae_Sedis_noname	Eubacterium_infirmum
Bacteria	Fusobacteria	Fusobacteriia	Fusobacteriales	Fusobacteriaceae	Fusobacterium	Fusobacterium_periodonticum
Viruses	Viruses_noname	Viruses_noname	Viruses_noname	Retroviridae	Gammaretrovirus	Porcine_type_C_oncovirus
Bacteria	Firmicutes	Bacilli	Lactobacillales	Carnobacteriaceae	Granulicatella	Granulicatella_unclassified
Bacteria	Firmicutes	Clostridia	Clostridiales	Clostridiaceae	Clostridium	Clostridium_scindens
Bacteria	Firmicutes	Erysipelotrichia	Erysipelotrichales	Erysipelotrichaceae	Coprobacillus	Coprobacillus_sp_29_1
Bacteria	Firmicutes	Clostridia	Clostridiales	Oscillospiraceae	Oscillibacter	Oscillibacter_sp_KLE_1728
Bacteria	Actinobacteria	Actinobacteria	Bifidobacteriales	Bifidobacteriaceae	Gardnerella	Gardnerella_vaginalis
Bacteria	Firmicutes	Clostridia	Clostridiales	Lachnospiraceae	Marvinbryantia	Marvinbryantia_formatexigens
Bacteria	Actinobacteria	Actinobacteria	Actinomycetales	Actinomycetaceae	Varibaculum	Varibaculum_cambriense
Bacteria	Firmicutes	Clostridia	Clostridiales	Clostridiales_Family_XI_Incertae_Sedis	Anaerococcus	Anaerococcus_lactolyticus
Bacteria	Firmicutes	Clostridia	Clostridiales	Clostridiales_Family_XI_Incertae_Sedis	Peptoniphilus	Peptoniphilus_lacrimalis
Bacteria	Actinobacteria	Actinobacteria	Coriobacteriales	Coriobacteriaceae	Atopobium	Atopobium_vaginae
Bacteria	Firmicutes	Bacilli	Bacillales	Bacillales_noname	Gemella	Gemella_unclassified
Bacteria	Proteobacteria	Epsilonproteobacteria	Campylobacterales	Campylobacteraceae	Campylobacter	Campylobacter_ureolyticus
Bacteria	Firmicutes	Clostridia	Clostridiales	Clostridiales_Family_XI_Incertae_Sedis	Anaerococcus	Anaerococcus_vaginalis
Bacteria	Firmicutes	Clostridia	Clostridiales	Lachnospiraceae	Blautia	Blautia_producta
Bacteria	Actinobacteria	Actinobacteria	Coriobacteriales	Coriobacteriaceae	Collinsella	Collinsella_stercoris
Bacteria	Actinobacteria	Actinobacteria	Coriobacteriales	Coriobacteriaceae	Slackia	Slackia_piriformis
Bacteria	Proteobacteria	Betaproteobacteria	Burkholderiales	Burkholderiaceae	Burkholderia	Burkholderia_unclassified
Bacteria	Firmicutes	Erysipelotrichia	Erysipelotrichales	Erysipelotrichaceae	Erysipelotrichaceae_noname	Clostridium_innocuum
Bacteria	Spirochaetes	Spirochaetia	Spirochaetales	Brachyspiraceae	Brachyspira	Brachyspira_unclassified
Bacteria	Firmicutes	Clostridia	Clostridiales	Ruminococcaceae	Ruminococcus	Ruminococcus_champanellensis
Bacteria	Firmicutes	Bacilli	Lactobacillales	Enterococcaceae	Enterococcus	Enterococcus_faecalis
Bacteria	Proteobacteria	Gammaproteobacteria	Enterobacteriales	Enterobacteriaceae	Citrobacter	Citrobacter_freundii
Bacteria	Firmicutes	Clostridia	Clostridiales	Clostridiales_Family_XI_Incertae_Sedis	Parvimonas	Parvimonas_micra
Bacteria	Proteobacteria	Gammaproteobacteria	Enterobacteriales	Enterobacteriaceae	Citrobacter	Citrobacter_unclassified
Bacteria	Firmicutes	Bacilli	Bacillales	Bacillales_noname	Gemella	Gemella_sanguinis
Bacteria	Firmicutes	Bacilli	Lactobacillales	Streptococcaceae	Streptococcus	Streptococcus_infantarius
Bacteria	Actinobacteria	Actinobacteria	Coriobacteriales	Coriobacteriaceae	Coriobacteriaceae_noname	Coriobacteriaceae_bacterium_phI
Bacteria	Bacteroidetes	Bacteroidia	Bacteroidales	Rikenellaceae	Alistipes	Alistipes_sp_JC136
Bacteria	Firmicutes	Bacilli	Lactobacillales	Lactobacillaceae	Lactobacillus	Lactobacillus_acidophilus
Bacteria	Proteobacteria	Gammaproteobacteria	Enterobacteriales	Enterobacteriaceae	Klebsiella	Klebsiella_pneumoniae
Bacteria	Bacteroidetes	Bacteroidia	Bacteroidales	Bacteroidaceae	Bacteroides	Bacteroides_gallinarum
Bacteria	Synergistetes	Synergistia	Synergistales	Synergistaceae	Pyramidobacter	Pyramidobacter_piscolens
Bacteria	Firmicutes	Clostridia	Clostridiales	Oscillospiraceae	Oscillibacter	Oscillibacter_sp_KLE_1745
Bacteria	Deinococcus_Thermus	Deinococci	Deinococcales	Deinococcaceae	Deinococcus	Deinococcus_unclassified
Bacteria	Firmicutes	Negativicutes	Selenomonadales	Acidaminococcaceae	Acidaminococcus	Acidaminococcus_sp_D21
Viruses	Viruses_noname	Viruses_noname	Viruses_noname	Orthomyxoviridae	Influenzavirus_A	Influenza_A_virus
Bacteria	Firmicutes	Clostridia	Clostridiales	Lachnospiraceae	Lachnospiraceae_noname	Lachnospiraceae_bacterium_6_1_63FAA
Bacteria	Proteobacteria	Gammaproteobacteria	Enterobacteriales	Enterobacteriaceae	Shigella	Shigella_flexneri
Bacteria	Fusobacteria	Fusobacteriia	Fusobacteriales	Fusobacteriaceae	Fusobacterium	Fusobacterium_ulcerans
Bacteria	Firmicutes	Clostridia	Clostridiales	Lachnospiraceae	Lachnospiraceae_noname	Lachnospiraceae_bacterium_4_1_37FAA
Viruses	Viruses_noname	Viruses_noname	Caudovirales	Podoviridae	Podoviridae_noname	Enterobacteria_phage_Min27
Bacteria	Bacteroidetes	Bacteroidia	Bacteroidales	Prevotellaceae	Alloprevotella	Alloprevotella_unclassified
Bacteria	Firmicutes	Bacilli	Lactobacillales	Lactobacillaceae	Lactobacillus	Lactobacillus_rhamnosus
Bacteria	Firmicutes	Bacilli	Lactobacillales	Streptococcaceae	Streptococcus	Streptococcus_cristatus
Bacteria	Proteobacteria	Betaproteobacteria	Burkholderiales	Comamonadaceae	Polaromonas	Polaromonas_unclassified
Bacteria	Proteobacteria	Alphaproteobacteria	Rhizobiales	Bradyrhizobiaceae	Afipia	Afipia_unclassified
Bacteria	Proteobacteria	Alphaproteobacteria	Rhizobiales	Bradyrhizobiaceae	Afipia	Afipia_broomeae
Bacteria	Proteobacteria	Alphaproteobacteria	Rhizobiales	Bradyrhizobiaceae	Rhodopseudomonas	Rhodopseudomonas_palustris
Bacteria	Proteobacteria	Gammaproteobacteria	Pasteurellales	Pasteurellaceae	Haemophilus	Haemophilus_pittmaniae
Bacteria	Firmicutes	Bacilli	Lactobacillales	Carnobacteriaceae	Granulicatella	Granulicatella_elegans
Bacteria	Firmicutes	Clostridia	Clostridiales	Lachnospiraceae	Blautia	Blautia_hansenii
Viruses	Viruses_noname	Viruses_noname	Viruses_noname	Togaviridae	Alphavirus	Venezuelan_equine_encephalitis_virus
Bacteria	Bacteroidetes	Bacteroidia	Bacteroidales	Bacteroidaceae	Bacteroides	Bacteroides_sp_1_1_6
Bacteria	Actinobacteria	Actinobacteria	Bifidobacteriales	Bifidobacteriaceae	Bifidobacterium	Bifidobacterium_animalis
Bacteria	Firmicutes	Bacilli	Bacillales	Staphylococcaceae	Staphylococcus	Staphylococcus_aureus
Bacteria	Firmicutes	Bacilli	Lactobacillales	Lactobacillaceae	Lactobacillus	Lactobacillus_casei_paracasei
Bacteria	Proteobacteria	Betaproteobacteria	Burkholderiales	Alcaligenaceae	Alcaligenes	Alcaligenes_unclassified
Bacteria	Firmicutes	Bacilli	Lactobacillales	Lactobacillaceae	Lactobacillus	Lactobacillus_plantarum
Bacteria	Bacteroidetes	Bacteroidia	Bacteroidales	Porphyromonadaceae	Odoribacter	Odoribacter_unclassified
Viruses	Viruses_noname	Viruses_noname	Caudovirales	Siphoviridae	Siphoviridae_noname	Lactococcus_phage_P680
Bacteria	Bacteroidetes	Bacteroidia	Bacteroidales	Bacteroidaceae	Bacteroides	Bacteroides_sp_3_1_19
Bacteria	Firmicutes	Negativicutes	Selenomonadales	Veillonellaceae	Megasphaera	Megasphaera_elsdenii
Bacteria	Firmicutes	Negativicutes	Selenomonadales	Acidaminococcaceae	Acidaminococcus	Acidaminococcus_fermentans
Bacteria	Firmicutes	Clostridia	Clostridiales	Lachnospiraceae	Butyrivibrio	Butyrivibrio_unclassified
Bacteria	Actinobacteria	Actinobacteria	Bifidobacteriales	Bifidobacteriaceae	Scardovia	Scardovia_unclassified
Bacteria	Bacteroidetes	Bacteroidia	Bacteroidales	Bacteroidaceae	Bacteroides	Bacteroides_sp_1_1_30
Bacteria	Actinobacteria	Actinobacteria	Actinomycetales	Propionibacteriaceae	Propionibacterium	Propionibacterium_freudenreichii
Bacteria	Synergistetes	Synergistia	Synergistales	Synergistaceae	Jonquetella	Jonquetella_unclassified
Bacteria	Firmicutes	Bacilli	Lactobacillales	Lactobacillaceae	Lactobacillus	Lactobacillus_fermentum
Bacteria	Firmicutes	Clostridia	Clostridiales	Clostridiaceae	Clostridium	Clostridium_sp_KLE_1755
Bacteria	Firmicutes	Clostridia	Clostridiales	Clostridiaceae	Butyricicoccus	Butyricicoccus_pullicaecorum
Viruses	Viruses_noname	Viruses_noname	Caudovirales	Siphoviridae	Siphoviridae_noname	Staphylococcus_phage_80alpha
Bacteria	Actinobacteria	Actinobacteria	Bifidobacteriales	Bifidobacteriaceae	Bifidobacterium	Bifidobacterium_dentium
Bacteria	Firmicutes	Bacilli	Lactobacillales	Lactobacillaceae	Lactobacillus	Lactobacillus_ruminis
Bacteria	Actinobacteria	Actinobacteria	Actinomycetales	Actinomycetaceae	Actinomyces	Actinomyces_turicensis
Bacteria	Actinobacteria	Actinobacteria	Actinomycetales	Actinomycetaceae	Mobiluncus	Mobiluncus_curtisii
Bacteria	Firmicutes	Bacilli	Lactobacillales	Leuconostocaceae	Leuconostoc	Leuconostoc_lactis
Bacteria	Firmicutes	Bacilli	Lactobacillales	Leuconostocaceae	Weissella	Weissella_unclassified
Bacteria	Firmicutes	Bacilli	Lactobacillales	Leuconostocaceae	Weissella	Weissella_confusa
Bacteria	Firmicutes	Bacilli	Lactobacillales	Streptococcaceae	Lactococcus	Lactococcus_garvieae
Bacteria	Actinobacteria	Actinobacteria	Bifidobacteriales	Bifidobacteriaceae	Bifidobacterium	Bifidobacterium_pseudolongum
Bacteria	Proteobacteria	Betaproteobacteria	Burkholderiales	Comamonadaceae	Comamonas	Comamonas_unclassified
Viruses	Viruses_noname	Viruses_noname	Viruses_noname	Geminiviridae	Mastrevirus	Wheat_dwarf_virus
Bacteria	Proteobacteria	Gammaproteobacteria	Enterobacteriales	Enterobacteriaceae	Klebsiella	Klebsiella_oxytoca
Bacteria	Firmicutes	Erysipelotrichia	Erysipelotrichales	Erysipelotrichaceae	Erysipelotrichaceae_noname	Erysipelotrichaceae_bacterium_3_1_53
Eukaryota	Microsporidia	Microsporidia_noname	Microsporidia_noname	Enterocytozoonidae	Enterocytozoon	Enterocytozoon_bieneusi
Bacteria	Proteobacteria	Betaproteobacteria	Neisseriales	Neisseriaceae	Neisseria	Neisseria_unclassified
Bacteria	Firmicutes	Bacilli	Lactobacillales	Lactobacillaceae	Lactobacillus	Lactobacillus_delbrueckii
Bacteria	Actinobacteria	Actinobacteria	Actinomycetales	Actinomycetaceae	Actinomyces	Actinomyces_odontolyticus
Bacteria	Proteobacteria	Epsilonproteobacteria	Campylobacterales	Campylobacteraceae	Campylobacter	Campylobacter_gracilis
Bacteria	Firmicutes	Negativicutes	Selenomonadales	Veillonellaceae	Dialister	Dialister_succinatiphilus
Bacteria	Fusobacteria	Fusobacteriia	Fusobacteriales	Fusobacteriaceae	Fusobacterium	Fusobacterium_mortiferum
Bacteria	Actinobacteria	Actinobacteria	Actinomycetales	Actinomycetaceae	Actinomyces	Actinomyces_graevenitzii
Bacteria	Proteobacteria	Gammaproteobacteria	Enterobacteriales	Enterobacteriaceae	Pantoea	Pantoea_unclassified
Bacteria	Firmicutes	Clostridia	Clostridiales	Peptostreptococcaceae	Peptostreptococcus	Peptostreptococcus_stomatis
Bacteria	Firmicutes	Erysipelotrichia	Erysipelotrichales	Erysipelotrichaceae	Turicibacter	Turicibacter_sanguinis
Bacteria	Actinobacteria	Actinobacteria	Bifidobacteriales	Bifidobacteriaceae	Alloscardovia	Alloscardovia_omnicolens
Bacteria	Actinobacteria	Actinobacteria	Actinomycetales	Actinomycetaceae	Actinomyces	Actinomyces_viscosus
Bacteria	Firmicutes	Clostridia	Clostridiales	Clostridiales_Family_XI_Incertae_Sedis	Finegoldia	Finegoldia_magna
Bacteria	Firmicutes	Bacilli	Lactobacillales	Lactobacillaceae	Lactobacillus	Lactobacillus_reuteri
Bacteria	Firmicutes	Bacilli	Lactobacillales	Lactobacillaceae	Pediococcus	Pediococcus_acidilactici
Bacteria	Firmicutes	Bacilli	Lactobacillales	Streptococcaceae	Streptococcus	Streptococcus_lutetiensis
Bacteria	Firmicutes	Bacilli	Lactobacillales	Enterococcaceae	Enterococcus	Enterococcus_casseliflavus
Bacteria	Firmicutes	Bacilli	Lactobacillales	Lactobacillaceae	Lactobacillus	Lactobacillus_salivarius
Eukaryota	Ascomycota	Saccharomycetes	Saccharomycetales	Saccharomycetaceae	Saccharomyces	Saccharomyces_cerevisiae
Bacteria	Proteobacteria	Gammaproteobacteria	Enterobacteriales	Enterobacteriaceae	Proteus	Proteus_penneri
Bacteria	Proteobacteria	Gammaproteobacteria	Enterobacteriales	Enterobacteriaceae	Proteus	Proteus_unclassified
Bacteria	Actinobacteria	Actinobacteria	Actinomycetales	Actinomycetaceae	Actinomyces	Actinomyces_sp_HPA0247
Bacteria	Proteobacteria	Gammaproteobacteria	Enterobacteriales	Enterobacteriaceae	Morganella	Morganella_morganii
Bacteria	Firmicutes	Bacilli	Lactobacillales	Streptococcaceae	Streptococcus	Streptococcus_mutans
Bacteria	Fusobacteria	Fusobacteriia	Fusobacteriales	Fusobacteriaceae	Fusobacterium	Fusobacterium_nucleatum
Bacteria	Firmicutes	Bacilli	Lactobacillales	Carnobacteriaceae	Granulicatella	Granulicatella_adiacens
Bacteria	Firmicutes	Bacilli	Bacillales	Bacillales_noname	Gemella	Gemella_haemolysans
Bacteria	Firmicutes	Bacilli	Lactobacillales	Streptococcaceae	Streptococcus	Streptococcus_tigurinus
Eukaryota	Ascomycota	Saccharomycetes	Saccharomycetales	Saccharomycetaceae	Naumovozyma	Naumovozyma_unclassified
Bacteria	Actinobacteria	Actinobacteria	Actinomycetales	Micrococcaceae	Rothia	Rothia_dentocariosa
Bacteria	Actinobacteria	Actinobacteria	Bifidobacteriales	Bifidobacteriaceae	Scardovia	Scardovia_wiggsiae
Eukaryota	Ascomycota	Saccharomycetes	Saccharomycetales	Saccharomycetaceae	Eremothecium	Eremothecium_unclassified
Bacteria	Actinobacteria	Actinobacteria	Actinomycetales	Corynebacteriaceae	Corynebacterium	Corynebacterium_durum
Bacteria	Actinobacteria	Actinobacteria	Actinomycetales	Actinomycetaceae	Actinomyces	Actinomyces_oris
Bacteria	Firmicutes	Bacilli	Lactobacillales	Lactobacillaceae	Lactobacillus	Lactobacillus_gasseri
Bacteria	Actinobacteria	Actinobacteria	Coriobacteriales	Coriobacteriaceae	Olsenella	Olsenella_unclassified
Bacteria	Actinobacteria	Actinobacteria	Actinomycetales	Propionibacteriaceae	Propionibacterium	Propionibacterium_propionicum
Bacteria	Actinobacteria	Actinobacteria	Actinomycetales	Corynebacteriaceae	Corynebacterium	Corynebacterium_glutamicum
Bacteria	Firmicutes	Bacilli	Lactobacillales	Lactobacillaceae	Pediococcus	Pediococcus_unclassified
Bacteria	Firmicutes	Bacilli	Lactobacillales	Lactobacillaceae	Pediococcus	Pediococcus_lolii
Bacteria	Firmicutes	Bacilli	Lactobacillales	Lactobacillaceae	Lactobacillus	Lactobacillus_mucosae
Bacteria	Proteobacteria	Gammaproteobacteria	Enterobacteriales	Enterobacteriaceae	Proteus	Proteus_mirabilis
Bacteria	Firmicutes	Bacilli	Lactobacillales	Lactobacillaceae	Lactobacillus	Lactobacillus_zeae
Bacteria	Firmicutes	Bacilli	Lactobacillales	Enterococcaceae	Enterococcus	Enterococcus_gallinarum
Bacteria	Actinobacteria	Actinobacteria	Actinomycetales	Actinomycetaceae	Actinomyces	Actinomyces_sp_oral_taxon_448
Bacteria	Firmicutes	Negativicutes	Selenomonadales	Veillonellaceae	Dialister	Dialister_micraerophilus
Bacteria	Firmicutes	Clostridia	Clostridiales	Peptostreptococcaceae	Peptostreptococcaceae_noname	Clostridium_glycolicum
Bacteria	Actinobacteria	Actinobacteria	Coriobacteriales	Coriobacteriaceae	Olsenella	Olsenella_profusa
Bacteria	Actinobacteria	Actinobacteria	Bifidobacteriales	Bifidobacteriaceae	Parascardovia	Parascardovia_denticolens
Bacteria	Proteobacteria	Gammaproteobacteria	Enterobacteriales	Enterobacteriaceae	Providencia	Providencia_rettgeri
Bacteria	Firmicutes	Clostridia	Clostridiales	Peptostreptococcaceae	Peptostreptococcaceae_noname	Clostridium_difficile
Bacteria	Proteobacteria	Gammaproteobacteria	Enterobacteriales	Enterobacteriaceae	Providencia	Providencia_unclassified
Bacteria	Firmicutes	Bacilli	Bacillales	Staphylococcaceae	Staphylococcus	Staphylococcus_epidermidis
Bacteria	Actinobacteria	Actinobacteria	Actinomycetales	Micrococcaceae	Rothia	Rothia_unclassified
Viruses	Viruses_noname	Viruses_noname	Caudovirales	Myoviridae	PhiCD119likevirus	PhiCD119likevirus_unclassified
Bacteria	Actinobacteria	Actinobacteria	Coriobacteriales	Coriobacteriaceae	Atopobium	Atopobium_rimae
Viruses	Viruses_noname	Viruses_noname	Viruses_noname	Adenoviridae	Mastadenovirus	Human_adenovirus_D
Bacteria	Firmicutes	Clostridia	Clostridiales	Clostridiaceae	Clostridium	Clostridium_perfringens
Bacteria	Actinobacteria	Actinobacteria	Actinomycetales	Corynebacteriaceae	Corynebacterium	Corynebacterium_amycolatum
Bacteria	Proteobacteria	Epsilonproteobacteria	Campylobacterales	Campylobacteraceae	Campylobacter	Campylobacter_showae
Bacteria	Firmicutes	Clostridia	Clostridiales	Clostridiaceae	Clostridium	Clostridium_butyricum
Viruses	Viruses_noname	Viruses_noname	Caudovirales	Siphoviridae	T5likevirus	T5likevirus_unclassified
Bacteria	Proteobacteria	Gammaproteobacteria	Pasteurellales	Pasteurellaceae	Haemophilus	Haemophilus_sputorum
Bacteria	Proteobacteria	Epsilonproteobacteria	Campylobacterales	Campylobacteraceae	Campylobacter	Campylobacter_curvus
Viruses	Viruses_noname	Viruses_noname	Caudovirales	Siphoviridae	Siphoviridae_noname	Lactococcus_phage_ul36
Bacteria	Proteobacteria	Gammaproteobacteria	Enterobacteriales	Enterobacteriaceae	Escherichia	Escherichia_hermannii
Bacteria	Bacteroidetes	Bacteroidia	Bacteroidales	Prevotellaceae	Prevotella	Prevotella_stercorea
Bacteria	Proteobacteria	Gammaproteobacteria	Enterobacteriales	Enterobacteriaceae	Serratia	Serratia_marcescens
Bacteria	Proteobacteria	Gammaproteobacteria	Enterobacteriales	Enterobacteriaceae	Cronobacter	Cronobacter_sakazakii
Bacteria	Proteobacteria	Gammaproteobacteria	Enterobacteriales	Enterobacteriaceae	Raoultella	Raoultella_ornithinolytica
Bacteria	Firmicutes	Bacilli	Lactobacillales	Leuconostocaceae	Weissella	Weissella_cibaria
Bacteria	Firmicutes	Negativicutes	Selenomonadales	Veillonellaceae	Selenomonas	Selenomonas_flueggei
Bacteria	Bacteroidetes	Bacteroidia	Bacteroidales	Prevotellaceae	Prevotella	Prevotella_denticola
Viruses	Viruses_noname	Viruses_noname	Caudovirales	Siphoviridae	Siphoviridae_noname	Streptococcus_phage_Sfi19
Bacteria	Firmicutes	Clostridia	Clostridiales	Eubacteriaceae	Pseudoramibacter	Pseudoramibacter_alactolyticus
Bacteria	Firmicutes	Negativicutes	Selenomonadales	Veillonellaceae	Anaeroglobus	Anaeroglobus_geminatus
Bacteria	Bacteroidetes	Bacteroidia	Bacteroidales	Prevotellaceae	Prevotella	Prevotella_oralis
Viruses	Viruses_noname	Viruses_noname	Caudovirales	Siphoviridae	Siphoviridae_noname	Lactobacillus_phage_Lc_Nu
Bacteria	Actinobacteria	Actinobacteria	Coriobacteriales	Coriobacteriaceae	Olsenella	Olsenella_uli
Bacteria	Firmicutes	Bacilli	Lactobacillales	Enterococcaceae	Enterococcus	Enterococcus_durans
Bacteria	Firmicutes	Clostridia	Clostridiales	Lachnospiraceae	Anaerostipes	Anaerostipes_caccae
Bacteria	Firmicutes	Bacilli	Lactobacillales	Streptococcaceae	Streptococcus	Streptococcus_peroris
Bacteria	Firmicutes	Bacilli	Lactobacillales	Lactobacillaceae	Lactobacillus	Lactobacillus_oris
Bacteria	Firmicutes	Bacilli	Lactobacillales	Lactobacillaceae	Lactobacillus	Lactobacillus_vaginalis
Bacteria	Firmicutes	Bacilli	Lactobacillales	Leuconostocaceae	Leuconostoc	Leuconostoc_mesenteroides
Bacteria	Firmicutes	Bacilli	Lactobacillales	Streptococcaceae	Streptococcus	Streptococcus_intermedius
Viruses	Viruses_noname	Viruses_noname	Caudovirales	Siphoviridae	C2likevirus	Lactococcus_phage_bIL67
Bacteria	Proteobacteria	Gammaproteobacteria	Enterobacteriales	Enterobacteriaceae	Dickeya	Dickeya_dadantii
Bacteria	Proteobacteria	Gammaproteobacteria	Enterobacteriales	Enterobacteriaceae	Providencia	Providencia_alcalifaciens
Bacteria	Proteobacteria	Gammaproteobacteria	Enterobacteriales	Enterobacteriaceae	Dickeya	Dickeya_unclassified
Bacteria	Proteobacteria	Gammaproteobacteria	Enterobacteriales	Enterobacteriaceae	Citrobacter	Citrobacter_youngae
Bacteria	Bacteroidetes	Bacteroidia	Bacteroidales	Porphyromonadaceae	Dysgonomonas	Dysgonomonas_mossii
Bacteria	Actinobacteria	Actinobacteria	Actinomycetales	Propionibacteriaceae	Propionimicrobium	Propionimicrobium_lymphophilum
Bacteria	Firmicutes	Clostridia	Clostridiales	Clostridiaceae	Clostridium	Clostridium_sp_ATCC_29733
Viruses	Viruses_noname	Viruses_noname	Caudovirales	Siphoviridae	Siphoviridae_noname	Leuconostoc_phage_P793
Eukaryota	Ascomycota	Eurotiomycetes	Eurotiales	Aspergillaceae	Penicillium	Penicillium_chrysogenum
Bacteria	Firmicutes	Bacilli	Lactobacillales	Lactobacillaceae	Pediococcus	Pediococcus_pentosaceus
Bacteria	Firmicutes	Bacilli	Lactobacillales	Lactobacillaceae	Lactobacillus	Lactobacillus_animalis
Viruses	Viruses_noname	Viruses_noname	Viruses_noname	Geminiviridae	Begomovirus	Squash_yellow_mild_mottle_virus
Bacteria	Firmicutes	Bacilli	Lactobacillales	Leuconostocaceae	Leuconostoc	Leuconostoc_pseudomesenteroides
Bacteria	Bacteroidetes	Bacteroidia	Bacteroidales	Bacteroidaceae	Bacteroides	Bacteroides_oleiciplenus
Bacteria	Proteobacteria	Betaproteobacteria	Neisseriales	Neisseriaceae	Eikenella	Eikenella_corrodens
Bacteria	Actinobacteria	Actinobacteria	Actinomycetales	Actinomycetaceae	Actinomyces	Actinomyces_johnsonii
Bacteria	Actinobacteria	Actinobacteria	Actinomycetales	Actinomycetaceae	Actinomyces	Actinomyces_naeslundii
Bacteria	Actinobacteria	Actinobacteria	Actinomycetales	Corynebacteriaceae	Corynebacterium	Corynebacterium_pseudodiphtheriticum
Bacteria	Actinobacteria	Actinobacteria	Actinomycetales	Actinomycetaceae	Actinomyces	Actinomyces_sp_oral_taxon_180
Bacteria	Firmicutes	Bacilli	Lactobacillales	Aerococcaceae	Abiotrophia	Abiotrophia_defectiva
Bacteria	Firmicutes	Clostridia	Clostridiales	Lachnospiraceae	Oribacterium	Oribacterium_sinus
Bacteria	Proteobacteria	Gammaproteobacteria	Pasteurellales	Pasteurellaceae	Aggregatibacter	Aggregatibacter_segnis
Viruses	Viruses_noname	Viruses_noname	Viruses_noname	Geminiviridae	Begomovirus	Squash_mild_leaf_curl_virus
Bacteria	Proteobacteria	Betaproteobacteria	Neisseriales	Neisseriaceae	Neisseria	Neisseria_elongata
Bacteria	Firmicutes	Bacilli	Lactobacillales	Enterococcaceae	Enterococcus	Enterococcus_raffinosus
Eukaryota	Ascomycota	Saccharomycetes	Saccharomycetales	Saccharomycetales_noname	Candida	Candida_tropicalis
Bacteria	Firmicutes	Bacilli	Lactobacillales	Lactobacillaceae	Lactobacillus	Lactobacillus_pentosus
Bacteria	Proteobacteria	Betaproteobacteria	Neisseriales	Neisseriaceae	Neisseria	Neisseria_sicca
Bacteria	Actinobacteria	Actinobacteria	Coriobacteriales	Coriobacteriaceae	Slackia	Slackia_unclassified
Bacteria	Firmicutes	Clostridia	Clostridiales	Lachnospiraceae	Stomatobaculum	Stomatobaculum_longum
Bacteria	Firmicutes	Bacilli	Lactobacillales	Leuconostocaceae	Leuconostoc	Leuconostoc_unclassified
Bacteria	Proteobacteria	Betaproteobacteria	Neisseriales	Neisseriaceae	Neisseria	Neisseria_meningitidis
Bacteria	Proteobacteria	Gammaproteobacteria	Cardiobacteriales	Cardiobacteriaceae	Cardiobacterium	Cardiobacterium_valvarum
Bacteria	Proteobacteria	Gammaproteobacteria	Pasteurellales	Pasteurellaceae	Aggregatibacter	Aggregatibacter_unclassified
Bacteria	Firmicutes	Clostridia	Clostridiales	Lachnospiraceae	Shuttleworthia	Shuttleworthia_satelles
Bacteria	Firmicutes	Clostridia	Clostridiales	Lachnospiraceae	Lachnoanaerobaculum	Lachnoanaerobaculum_saburreum
Bacteria	Bacteroidetes	Bacteroidia	Bacteroidales	Prevotellaceae	Prevotella	Prevotella_veroralis
Bacteria	Actinobacteria	Actinobacteria	Actinomycetales	Corynebacteriaceae	Corynebacterium	Corynebacterium_accolens
Bacteria	Actinobacteria	Actinobacteria	Bifidobacteriales	Bifidobacteriaceae	Scardovia	Scardovia_inopinata
Bacteria	Bacteroidetes	Bacteroidia	Bacteroidales	Prevotellaceae	Alloprevotella	Alloprevotella_tannerae
Bacteria	Firmicutes	Clostridia	Clostridiales	Clostridiales_Family_XI_Incertae_Sedis	Peptoniphilus	Peptoniphilus_harei
Bacteria	Firmicutes	Clostridia	Clostridiales	Lachnospiraceae	Oribacterium	Oribacterium_sp_oral_taxon_078
Bacteria	Bacteroidetes	Flavobacteriia	Flavobacteriales	Flavobacteriaceae	Capnocytophaga	Capnocytophaga_unclassified
Bacteria	Proteobacteria	Gammaproteobacteria	Pasteurellales	Pasteurellaceae	Haemophilus	Haemophilus_haemolyticus
Bacteria	Firmicutes	Clostridia	Clostridiales	Ruminococcaceae	Ruminococcus	Ruminococcus_sp_JC304
Bacteria	Actinobacteria	Actinobacteria	Coriobacteriales	Coriobacteriaceae	Atopobium	Atopobium_sp_oral_taxon_199
Bacteria	Actinobacteria	Actinobacteria	Actinomycetales	Corynebacteriaceae	Corynebacterium	Corynebacterium_kroppenstedtii
Bacteria	Actinobacteria	Actinobacteria	Coriobacteriales	Coriobacteriaceae	Slackia	Slackia_exigua
Bacteria	Actinobacteria	Actinobacteria	Actinomycetales	Brevibacteriaceae	Brevibacterium	Brevibacterium_unclassified
Bacteria	Actinobacteria	Actinobacteria	Actinomycetales	Actinomycetaceae	Actinomyces	Actinomyces_massiliensis
Bacteria	Actinobacteria	Actinobacteria	Actinomycetales	Corynebacteriaceae	Corynebacterium	Corynebacterium_propinquum
Bacteria	Spirochaetes	Spirochaetia	Spirochaetales	Spirochaetaceae	Treponema	Treponema_socranskii
Bacteria	Firmicutes	Bacilli	Lactobacillales	Streptococcaceae	Streptococcus	Streptococcus_dysgalactiae
Bacteria	Firmicutes	Bacilli	Lactobacillales	Streptococcaceae	Streptococcus	Streptococcus_constellatus
Bacteria	Firmicutes	Negativicutes	Selenomonadales	Veillonellaceae	Selenomonas	Selenomonas_artemidis
Bacteria	Firmicutes	Bacilli	Lactobacillales	Streptococcaceae	Streptococcus	Streptococcus_pasteurianus
Bacteria	Firmicutes	Bacilli	Lactobacillales	Streptococcaceae	Streptococcus	Streptococcus_gallolyticus
Bacteria	Actinobacteria	Actinobacteria	Coriobacteriales	Coriobacteriaceae	Eggerthella	Eggerthella_sp_1_3_56FAA
Bacteria	Firmicutes	Bacilli	Lactobacillales	Leuconostocaceae	Leuconostoc	Leuconostoc_gelidum
Bacteria	Firmicutes	Bacilli	Lactobacillales	Lactobacillaceae	Lactobacillus	Lactobacillus_helveticus
Bacteria	Actinobacteria	Actinobacteria	Actinomycetales	Micrococcaceae	Rothia	Rothia_aeria
Bacteria	Firmicutes	Bacilli	Lactobacillales	Streptococcaceae	Lactococcus	Lactococcus_raffinolactis
Bacteria	Firmicutes	Bacilli	Lactobacillales	Lactobacillaceae	Lactobacillus	Lactobacillus_curvatus
Bacteria	Actinobacteria	Actinobacteria	Actinomycetales	Actinomycetaceae	Actinobaculum	Actinobaculum_sp_oral_taxon_183
Bacteria	Actinobacteria	Actinobacteria	Actinomycetales	Corynebacteriaceae	Corynebacterium	Corynebacterium_striatum
Bacteria	Firmicutes	Clostridia	Clostridiales	Clostridiales_Family_XI_Incertae_Sedis	Anaerococcus	Anaerococcus_prevotii
Bacteria	Firmicutes	Bacilli	Lactobacillales	Streptococcaceae	Streptococcus	Streptococcus_oligofermentans
Bacteria	Firmicutes	Bacilli	Lactobacillales	Enterococcaceae	Enterococcus	Enterococcus_avium
Eukaryota	Ascomycota	Saccharomycetes	Saccharomycetales	Saccharomycetaceae	Nakaseomyces	Candida_glabrata
Bacteria	Firmicutes	Bacilli	Lactobacillales	Enterococcaceae	Enterococcus	Enterococcus_malodoratus
Bacteria	Firmicutes	Clostridia	Clostridiales	Peptostreptococcaceae	Peptostreptococcaceae_noname	Clostridium_sordellii
Bacteria	Proteobacteria	Epsilonproteobacteria	Campylobacterales	Campylobacteraceae	Campylobacter	Campylobacter_concisus
Bacteria	Firmicutes	Clostridia	Clostridiales	Eubacteriaceae	Eubacterium	Eubacterium_brachy
Bacteria	Firmicutes	Clostridia	Clostridiales	Lachnospiraceae	Lachnospiraceae_noname	Lachnospiraceae_bacterium_oral_taxon_082
Bacteria	Bacteroidetes	Bacteroidia	Bacteroidales	Prevotellaceae	Prevotella	Prevotella_oris
Bacteria	Bacteroidetes	Bacteroidia	Bacteroidales	Prevotellaceae	Prevotella	Prevotella_nigrescens
Bacteria	Actinobacteria	Actinobacteria	Actinomycetales	Corynebacteriaceae	Corynebacterium	Corynebacterium_pyruviciproducens
Bacteria	Proteobacteria	Gammaproteobacteria	Pasteurellales	Pasteurellaceae	Haemophilus	Haemophilus_paraphrohaemolyticus
Bacteria	Firmicutes	Negativicutes	Selenomonadales	Veillonellaceae	Selenomonas	Selenomonas_noxia
Bacteria	Proteobacteria	Gammaproteobacteria	Pseudomonadales	Pseudomonadaceae	Pseudomonas	Pseudomonas_aeruginosa
Bacteria	Proteobacteria	Gammaproteobacteria	Pasteurellales	Pasteurellaceae	Haemophilus	Haemophilus_influenzae
Bacteria	Actinobacteria	Actinobacteria	Actinomycetales	Corynebacteriaceae	Corynebacterium	Corynebacterium_matruchotii
Bacteria	Firmicutes	Bacilli	Lactobacillales	Aerococcaceae	Facklamia	Facklamia_unclassified
Bacteria	Proteobacteria	Gammaproteobacteria	Enterobacteriales	Enterobacteriaceae	Serratia	Serratia_liquefaciens
Eukaryota	Ascomycota	Saccharomycetes	Saccharomycetales	Metschnikowiaceae	Clavispora	Clavispora_lusitaniae
Bacteria	Bacteroidetes	Bacteroidia	Bacteroidales	Prevotellaceae	Prevotella	Prevotella_histicola
Viruses	Viruses_noname	Viruses_noname	Viruses_noname	Geminiviridae	Begomovirus	Squash_leaf_curl_virus
Bacteria	Proteobacteria	Gammaproteobacteria	Xanthomonadales	Xanthomonadaceae	Stenotrophomonas	Stenotrophomonas_maltophilia
Bacteria	Proteobacteria	Betaproteobacteria	Burkholderiales	Comamonadaceae	Alicycliphilus	Alicycliphilus_unclassified
Bacteria	Proteobacteria	Betaproteobacteria	Burkholderiales	Comamonadaceae	Acidovorax	Acidovorax_ebreus
Bacteria	Proteobacteria	Gammaproteobacteria	Xanthomonadales	Xanthomonadaceae	Rhodanobacter	Rhodanobacter_unclassified
Bacteria	Firmicutes	Bacilli	Lactobacillales	Streptococcaceae	Streptococcus	Streptococcus_macedonicus
Bacteria	Firmicutes	Bacilli	Lactobacillales	Streptococcaceae	Streptococcus	Streptococcus_agalactiae
Bacteria	Firmicutes	Clostridia	Clostridiales	Clostridiales_Family_XI_Incertae_Sedis	Anaerococcus	Anaerococcus_obesiensis
Bacteria	Firmicutes	Clostridia	Clostridiales	Clostridiales_Family_XI_Incertae_Sedis	Peptoniphilus	Peptoniphilus_sp_JC140
Bacteria	Firmicutes	Clostridia	Clostridiales	Clostridiaceae	Clostridium	Clostridium_hylemonae
Bacteria	Firmicutes	Clostridia	Clostridiales	Clostridiales_Family_XI_Incertae_Sedis	Peptoniphilus	Peptoniphilus_duerdenii
Bacteria	Firmicutes	Bacilli	Lactobacillales	Lactobacillaceae	Lactobacillus	Lactobacillus_amylovorus
Viruses	Viruses_noname	Viruses_noname	Caudovirales	Siphoviridae	Siphoviridae_noname	Shigella_phage_pSf_1
Bacteria	Firmicutes	Bacilli	Lactobacillales	Leuconostocaceae	Leuconostoc	Leuconostoc_carnosum
Bacteria	Bacteroidetes	Bacteroidia	Bacteroidales	Prevotellaceae	Prevotella	Prevotella_buccae
Bacteria	Proteobacteria	Gammaproteobacteria	Enterobacteriales	Enterobacteriaceae	Citrobacter	Citrobacter_koseri
Bacteria	Firmicutes	Bacilli	Lactobacillales	Streptococcaceae	Streptococcus	Streptococcus_suis
Bacteria	Firmicutes	Bacilli	Lactobacillales	Lactobacillaceae	Lactobacillus	Lactobacillus_farciminis
Bacteria	Firmicutes	Bacilli	Lactobacillales	Lactobacillaceae	Lactobacillus	Lactobacillus_brevis
Viruses	Viruses_noname	Viruses_noname	Caudovirales	Siphoviridae	Siphoviridae_noname	Staphylococcus_phage_PVL
Bacteria	Actinobacteria	Actinobacteria	Actinomycetales	Micrococcaceae	Kocuria	Kocuria_unclassified
Eukaryota	Ascomycota	Saccharomycetes	Saccharomycetales	Saccharomycetales_noname	Candida	Candida_albicans
Bacteria	Actinobacteria	Actinobacteria	Actinomycetales	Micrococcaceae	Kocuria	Kocuria_rhizophila
Viruses	Viruses_noname	Viruses_noname	Herpesvirales	Herpesviridae	Roseolovirus	Roseolovirus_unclassified
Bacteria	Bacteroidetes	Bacteroidia	Bacteroidales	Prevotellaceae	Prevotella	Prevotella_nanceiensis
Bacteria	Proteobacteria	Gammaproteobacteria	Pseudomonadales	Moraxellaceae	Enhydrobacter	Enhydrobacter_aerosaccus
Bacteria	Firmicutes	Clostridia	Clostridiales	Clostridiaceae	Clostridium	Clostridium_sp_HGF2
Bacteria	Proteobacteria	Gammaproteobacteria	Enterobacteriales	Enterobacteriaceae	Enterobacter	Enterobacter_aerogenes
Bacteria	Firmicutes	Bacilli	Lactobacillales	Enterococcaceae	Enterococcus	Enterococcus_mundtii
Bacteria	Firmicutes	Clostridia	Clostridiales	Clostridiales_Family_XI_Incertae_Sedis	Anaerococcus	Anaerococcus_hydrogenalis
Bacteria	Actinobacteria	Actinobacteria	Actinomycetales	Microbacteriaceae	Leifsonia	Leifsonia_unclassified
Bacteria	Firmicutes	Bacilli	Lactobacillales	Leuconostocaceae	Leuconostoc	Leuconostoc_gasicomitatum
Bacteria	Proteobacteria	Gammaproteobacteria	Enterobacteriales	Enterobacteriaceae	Enterobacteriaceae_noname	Enterobacteriaceae_bacterium_9_2_54FAA
Bacteria	Proteobacteria	Gammaproteobacteria	Enterobacteriales	Enterobacteriaceae	Hafnia	Hafnia_alvei
Bacteria	Proteobacteria	Gammaproteobacteria	Pasteurellales	Pasteurellaceae	Aggregatibacter	Aggregatibacter_aphrophilus
Bacteria	Proteobacteria	Betaproteobacteria	Neisseriales	Neisseriaceae	Neisseria	Neisseria_flavescens
Bacteria	Firmicutes	Clostridia	Clostridiales	Peptostreptococcaceae	Peptostreptococcus	Peptostreptococcus_anaerobius
Viruses	Viruses_noname	Viruses_noname	Viruses_noname	Retroviridae	Gammaretrovirus	Murine_osteosarcoma_virus
Bacteria	Firmicutes	Erysipelotrichia	Erysipelotrichales	Erysipelotrichaceae	Bulleidia	Bulleidia_extructa
Viruses	Viruses_noname	Viruses_noname	Viruses_noname	Potyviridae	Potyvirus	Dasheen_mosaic_virus
Bacteria	Firmicutes	Clostridia	Clostridiales	Clostridiaceae	Clostridium	Clostridium_sp_D5
Viruses	Viruses_noname	Viruses_noname	Viruses_noname	Flaviviridae	Flavivirus	West_Nile_virus
Bacteria	Candidatus_Saccharibacteria	Candidatus_Saccharibacteria_noname	Candidatus_Saccharibacteria_noname	Candidatus_Saccharibacteria_noname	Candidatus_Saccharibacteria_noname	candidate_division_TM7_single_cell_isolate_TM7c
Bacteria	Candidatus_Saccharibacteria	Candidatus_Saccharibacteria_noname	Candidatus_Saccharibacteria_noname	Candidatus_Saccharibacteria_noname	Candidatus_Saccharibacteria_noname	candidate_division_TM7_single_cell_isolate_TM7b
Bacteria	Firmicutes	Negativicutes	Selenomonadales	Acidaminococcaceae	Acidaminococcus	Acidaminococcus_sp_BV3L6
Viruses	Viruses_noname	Viruses_noname	Caudovirales	Siphoviridae	Siphoviridae_noname	Lactobacillus_phage_Lrm1
Bacteria	Firmicutes	Bacilli	Lactobacillales	Carnobacteriaceae	Carnobacterium	Carnobacterium_maltaromaticum
Bacteria	Firmicutes	Clostridia	Clostridiales	Clostridiaceae	Clostridium	Clostridium_celatum
Bacteria	Firmicutes	Clostridia	Clostridiales	Lachnospiraceae	Lachnospiraceae_noname	Lachnospiraceae_bacterium_ICM7
Bacteria	Bacteroidetes	Bacteroidia	Bacteroidales	Prevotellaceae	Prevotella	Prevotella_pallens
Viruses	Viruses_noname	Viruses_noname	Viruses_noname	Baculoviridae	Alphabaculovirus	Bombyx_mori_nucleopolyhedrovirus
Bacteria	Firmicutes	Bacilli	Lactobacillales	Enterococcaceae	Enterococcus	Enterococcus_asini
Bacteria	Actinobacteria	Actinobacteria	Actinomycetales	Actinomycetaceae	Actinomyces	Actinomyces_sp_ICM39
Bacteria	Proteobacteria	Betaproteobacteria	Burkholderiales	Alcaligenaceae	Bordetella	Bordetella_unclassified
Bacteria	Actinobacteria	Actinobacteria	Actinomycetales	Actinomycetaceae	Actinobaculum	Actinobaculum_schaalii
Bacteria	Proteobacteria	Betaproteobacteria	Burkholderiales	Alcaligenaceae	Bordetella	Bordetella_pertussis
Bacteria	Firmicutes	Bacilli	Bacillales	Bacillaceae	Bacillus	Bacillus_amyloliquefaciens
Bacteria	Proteobacteria	Gammaproteobacteria	Cardiobacteriales	Cardiobacteriaceae	Cardiobacterium	Cardiobacterium_hominis
Bacteria	Actinobacteria	Actinobacteria	Actinomycetales	Actinomycetaceae	Actinomyces	Actinomyces_sp_ICM47
Bacteria	Firmicutes	Bacilli	Lactobacillales	Lactobacillaceae	Lactobacillus	Lactobacillus_sakei
Bacteria	Firmicutes	Clostridia	Clostridiales	Eubacteriaceae	Eubacterium	Eubacterium_saphenum
Bacteria	Firmicutes	Clostridia	Clostridiales	Lachnospiraceae	Anaerostipes	Anaerostipes_sp_3_2_56FAA
Bacteria	Firmicutes	Clostridia	Clostridiales	Clostridiaceae	Clostridium	Clostridium_tyrobutyricum
Bacteria	Firmicutes	Clostridia	Clostridiales	Clostridiales_Family_XI_Incertae_Sedis	Clostridiales_Family_XI_Incertae_Sedis_noname	Clostridiales_bacterium_BV3C26
Bacteria	Firmicutes	Bacilli	Lactobacillales	Enterococcaceae	Enterococcus	Enterococcus_dispar
Bacteria	Firmicutes	Bacilli	Lactobacillales	Streptococcaceae	Streptococcus	Streptococcus_pyogenes
Bacteria	Actinobacteria	Actinobacteria	Actinomycetales	Actinomycetaceae	Actinobaculum	Actinobaculum_massiliense
Bacteria	Bacteroidetes	Flavobacteriia	Flavobacteriales	Flavobacteriaceae	Riemerella	Riemerella_unclassified
Bacteria	Bacteroidetes	Flavobacteriia	Flavobacteriales	Flavobacteriaceae	Capnocytophaga	Capnocytophaga_gingivalis
Bacteria	Proteobacteria	Betaproteobacteria	Neisseriales	Neisseriaceae	Neisseria	Neisseria_macacae
Viruses	Viruses_noname	Viruses_noname	Caudovirales	Siphoviridae	Siphoviridae_noname	Lactococcus_phage_r1t
Bacteria	Bacteroidetes	Bacteroidia	Bacteroidales	Bacteroidaceae	Bacteroides	Bacteroides_sp_4_3_47FAA
Bacteria	Firmicutes	Bacilli	Lactobacillales	Lactobacillaceae	Lactobacillus	Lactobacillus_johnsonii
Bacteria	Actinobacteria	Actinobacteria	Actinomycetales	Actinomycetaceae	Actinomyces	Actinomyces_neuii
Bacteria	Firmicutes	Bacilli	Lactobacillales	Aerococcaceae	Facklamia	Facklamia_hominis
Bacteria	Firmicutes	Bacilli	Lactobacillales	Streptococcaceae	Streptococcus	Streptococcus_urinalis
Bacteria	Actinobacteria	Actinobacteria	Actinomycetales	Actinomycetaceae	Mobiluncus	Mobiluncus_unclassified
Bacteria	Fusobacteria	Fusobacteriia	Fusobacteriales	Fusobacteriaceae	Fusobacterium	Fusobacterium_necrophorum
Bacteria	Firmicutes	Bacilli	Lactobacillales	Streptococcaceae	Streptococcus	Streptococcus_pseudopneumoniae
Bacteria	Actinobacteria	Actinobacteria	Coriobacteriales	Coriobacteriaceae	Atopobium	Atopobium_minutum
Bacteria	Firmicutes	Clostridia	Clostridiales	Clostridiales_noname	Clostridiales_noname	Bacteroides_pectinophilus
Bacteria	Proteobacteria	Gammaproteobacteria	Pseudomonadales	Pseudomonadaceae	Pseudomonas	Pseudomonas_fragi
Viruses	Viruses_noname	Viruses_noname	Caudovirales	Siphoviridae	Siphoviridae_noname	Lactococcus_phage_936_sensu_lato
