Study	Unique_ID	Name	Case_Name	Case_Number	Sample	Days_Since_FMT	Sample_Type	fmt_success	Donor.Name	Donor.Unique_ID	Donor.Subject	last_sample	Study_Type
ALM	D0_ALM_Case_1;3	ALM_FMT1.pair	ALM_Case_1;ALM_Case_3	1	FMT1	0	donor	TRUE	ALM_FMT1.pair	D0_ALM_Case_1;3	D0_ALM_Case_1;3	TRUE	rCDI
ALM	R0_ALM_Case_4	ALM_FMT10.pair	ALM_Case_4	4	FMT10	0	recipient	TRUE	ALM_FMT2.pair	D0_ALM_Case_4;5;6;7;8;9;10;12;13	D0_ALM_Case_4;5;6;8;9;12;13;15;17;18;20;21	TRUE	rCDI
ALM	R7_ALM_Case_24	ALM_FMT100.pair	ALM_Case_24	24	FMT100	7	post	TRUE	ALM_FMT34.pair	D0_ALM_Case_22;24;25	D0_ALM_Case_22;23;24;25	TRUE	rCDI
ALM	R0_ALM_Case_25	ALM_FMT101.pair	ALM_Case_25	25	FMT101	0	recipient	TRUE	ALM_FMT34.pair	D0_ALM_Case_22;24;25	D0_ALM_Case_22;23;24;25	TRUE	rCDI
ALM	R2_ALM_Case_25	ALM_FMT102.pair	ALM_Case_25	25	FMT102	2	post	TRUE	ALM_FMT34.pair	D0_ALM_Case_22;24;25	D0_ALM_Case_22;23;24;25	FALSE	rCDI
ALM	R0_ALM_Case_26	ALM_FMT103.pair	ALM_Case_26	26	FMT103	0	recipient	TRUE	ALM_FMT30.pair	D0_ALM_Case_26	D0_ALM_Case_26	TRUE	rCDI
ALM	R16_ALM_Case_22	ALM_FMT105.pair	ALM_Case_22	22	FMT105	16	post	TRUE	ALM_FMT34.pair	D0_ALM_Case_22;24;25	D0_ALM_Case_22;23;24;25	TRUE	rCDI
ALM	R17_ALM_Case_23	ALM_FMT106.pair	ALM_Case_23	23	FMT106	17	post	TRUE	ALM_FMT33.pair	D0_ALM_Case_23	D0_ALM_Case_22;23;24;25	TRUE	rCDI
ALM	R2_ALM_Case_26	ALM_FMT109.pair	ALM_Case_26	26	FMT109	2	post	TRUE	ALM_FMT30.pair	D0_ALM_Case_26	D0_ALM_Case_26	TRUE	rCDI
ALM	R11_ALM_Case_4	ALM_FMT11.pair	ALM_Case_4	4	FMT11	11	post	TRUE	ALM_FMT2.pair	D0_ALM_Case_4;5;6;7;8;9;10;12;13	D0_ALM_Case_4;5;6;8;9;12;13;15;17;18;20;21	FALSE	rCDI
ALM	R20_ALM_Case_25	ALM_FMT110.pair	ALM_Case_25	25	FMT110	20	post	TRUE	ALM_FMT34.pair	D0_ALM_Case_22;24;25	D0_ALM_Case_22;23;24;25	TRUE	rCDI
ALM	R11_ALM_Case_4	ALM_FMT12.pair	ALM_Case_4	4	FMT12	11	post	TRUE	ALM_FMT2.pair	D0_ALM_Case_4;5;6;7;8;9;10;12;13	D0_ALM_Case_4;5;6;8;9;12;13;15;17;18;20;21	FALSE	rCDI
ALM	R19_ALM_Case_4	ALM_FMT13.pair	ALM_Case_4	4	FMT13	19	post	TRUE	ALM_FMT2.pair	D0_ALM_Case_4;5;6;7;8;9;10;12;13	D0_ALM_Case_4;5;6;8;9;12;13;15;17;18;20;21	FALSE	rCDI
ALM	R19_ALM_Case_4	ALM_FMT14.pair	ALM_Case_4	4	FMT14	19	post	TRUE	ALM_FMT2.pair	D0_ALM_Case_4;5;6;7;8;9;10;12;13	D0_ALM_Case_4;5;6;8;9;12;13;15;17;18;20;21	FALSE	rCDI
ALM	R0_ALM_Case_5	ALM_FMT15.pair	ALM_Case_5	5	FMT15	0.5	post	TRUE	ALM_FMT2.pair	D0_ALM_Case_4;5;6;7;8;9;10;12;13	D0_ALM_Case_4;5;6;8;9;12;13;15;17;18;20;21	FALSE	rCDI
ALM	R4_ALM_Case_5	ALM_FMT16.pair	ALM_Case_5	5	FMT16	4	post	TRUE	ALM_FMT2.pair	D0_ALM_Case_4;5;6;7;8;9;10;12;13	D0_ALM_Case_4;5;6;8;9;12;13;15;17;18;20;21	FALSE	rCDI
ALM	R4_ALM_Case_5	ALM_FMT17.pair	ALM_Case_5	5	FMT17	4	post	TRUE	ALM_FMT2.pair	D0_ALM_Case_4;5;6;7;8;9;10;12;13	D0_ALM_Case_4;5;6;8;9;12;13;15;17;18;20;21	FALSE	rCDI
ALM	R7_ALM_Case_5	ALM_FMT18.pair	ALM_Case_5	5	FMT18	7	post	TRUE	ALM_FMT2.pair	D0_ALM_Case_4;5;6;7;8;9;10;12;13	D0_ALM_Case_4;5;6;8;9;12;13;15;17;18;20;21	FALSE	rCDI
ALM	R7_ALM_Case_5	ALM_FMT19.pair	ALM_Case_5	5	FMT19	7	post	TRUE	ALM_FMT2.pair	D0_ALM_Case_4;5;6;7;8;9;10;12;13	D0_ALM_Case_4;5;6;8;9;12;13;15;17;18;20;21	FALSE	rCDI
ALM	D0_ALM_Case_4;5;6;7;8;9;10;12;13	ALM_FMT2.pair	ALM_Case_4;ALM_Case_5;ALM_Case_6;ALM_Case_8;ALM_Case_9;ALM_Case_12;ALM_Case_13	4	FMT2	0	donor	TRUE	ALM_FMT2.pair	D0_ALM_Case_4;5;6;7;8;9;10;12;13	D0_ALM_Case_4;5;6;8;9;12;13;15;17;18;20;21	TRUE	rCDI
ALM	R0_ALM_Case_6	ALM_FMT20.pair	ALM_Case_6	6	FMT20	0	recipient	FALSE	ALM_FMT2.pair	D0_ALM_Case_4;5;6;7;8;9;10;12;13	D0_ALM_Case_4;5;6;8;9;12;13;15;17;18;20;21	TRUE	rCDI
ALM	R0;2_ALM_Case_7;6	ALM_FMT21.pair	ALM_Case_6	6	FMT21	2	post	FALSE	ALM_FMT2.pair	D0_ALM_Case_4;5;6;7;8;9;10;12;13	D0_ALM_Case_4;5;6;8;9;12;13;15;17;18;20;21	TRUE	rCDI
ALM	R0_ALM_Case_8	ALM_FMT23.pair	ALM_Case_8	8	FMT23	0	recipient	TRUE	ALM_FMT2.pair	D0_ALM_Case_4;5;6;7;8;9;10;12;13	D0_ALM_Case_4;5;6;8;9;12;13;15;17;18;20;21	TRUE	rCDI
ALM	R4_ALM_Case_8	ALM_FMT24.pair	ALM_Case_8	8	FMT24	4	post	TRUE	ALM_FMT2.pair	D0_ALM_Case_4;5;6;7;8;9;10;12;13	D0_ALM_Case_4;5;6;8;9;12;13;15;17;18;20;21	FALSE	rCDI
ALM	R4_ALM_Case_8	ALM_FMT25.pair	ALM_Case_8	8	FMT25	4	post	TRUE	ALM_FMT2.pair	D0_ALM_Case_4;5;6;7;8;9;10;12;13	D0_ALM_Case_4;5;6;8;9;12;13;15;17;18;20;21	FALSE	rCDI
ALM	D0_ALM_Case_15;17;20;21	ALM_FMT27.pair	ALM_Case_15;ALM_Case_17;ALM_Case_20;ALM_Case_21	15	FMT27	0	donor	TRUE	ALM_FMT27.pair	D0_ALM_Case_15;17;20;21	D0_ALM_Case_4;5;6;8;9;12;13;15;17;18;20;21	TRUE	rCDI
ALM	D0_ALM_Case_26	ALM_FMT30.pair	ALM_Case_26	26	FMT30	0	donor	TRUE	ALM_FMT30.pair	D0_ALM_Case_26	D0_ALM_Case_26	TRUE	rCDI
ALM	D0_ALM_Case_23	ALM_FMT33.pair	ALM_Case_23	23	FMT33	0	donor	TRUE	ALM_FMT33.pair	D0_ALM_Case_23	D0_ALM_Case_22;23;24;25	TRUE	rCDI
ALM	D0_ALM_Case_22;24;25	ALM_FMT34.pair	ALM_Case_22;ALM_Case_24;ALM_Case_25	22	FMT34	0	donor	TRUE	ALM_FMT34.pair	D0_ALM_Case_22;24;25	D0_ALM_Case_22;23;24;25	TRUE	rCDI
ALM	R85_ALM_Case_1	ALM_FMT37.pair	ALM_Case_1	1	FMT37	85	post	TRUE	ALM_FMT1.pair	D0_ALM_Case_1;3	D0_ALM_Case_1;3	TRUE	rCDI
ALM	R65_ALM_Case_3	ALM_FMT39.pair	ALM_Case_3	3	FMT39	65	post	TRUE	ALM_FMT1.pair	D0_ALM_Case_1;3	D0_ALM_Case_1;3	FALSE	rCDI
ALM	D0_ALM_Case_14;18	ALM_FMT4.pair	ALM_Case_18	18	FMT4	0	donor	FALSE	ALM_FMT4.pair	D0_ALM_Case_14;18	D0_ALM_Case_4;5;6;8;9;12;13;15;17;18;20;21	TRUE	rCDI
ALM	R136_ALM_Case_3	ALM_FMT41.pair	ALM_Case_3	3	FMT41	136	post	TRUE	ALM_FMT1.pair	D0_ALM_Case_1;3	D0_ALM_Case_1;3	TRUE	rCDI
ALM	R84_ALM_Case_4	ALM_FMT43.pair	ALM_Case_4	4	FMT43	84	post	TRUE	ALM_FMT2.pair	D0_ALM_Case_4;5;6;7;8;9;10;12;13	D0_ALM_Case_4;5;6;8;9;12;13;15;17;18;20;21	TRUE	rCDI
ALM	R91_ALM_Case_5	ALM_FMT44.pair	ALM_Case_5	5	FMT44	91	post	TRUE	ALM_FMT2.pair	D0_ALM_Case_4;5;6;7;8;9;10;12;13	D0_ALM_Case_4;5;6;8;9;12;13;15;17;18;20;21	TRUE	rCDI
ALM	R0_ALM_Case_3	ALM_FMT5.pair	ALM_Case_3	3	FMT5	0	recipient	TRUE	ALM_FMT1.pair	D0_ALM_Case_1;3	D0_ALM_Case_1;3	TRUE	rCDI
ALM	R76_ALM_Case_8	ALM_FMT50.pair	ALM_Case_8	8	FMT50	76	post	TRUE	ALM_FMT2.pair	D0_ALM_Case_4;5;6;7;8;9;10;12;13	D0_ALM_Case_4;5;6;8;9;12;13;15;17;18;20;21	TRUE	rCDI
ALM	R0_ALM_Case_9	ALM_FMT51.pair	ALM_Case_9	9	FMT51	0	recipient	FALSE	ALM_FMT2.pair	D0_ALM_Case_4;5;6;7;8;9;10;12;13	D0_ALM_Case_4;5;6;8;9;12;13;15;17;18;20;21	TRUE	rCDI
ALM	R5;0_ALM_Case_9;10	ALM_FMT53.pair	ALM_Case_9	9	FMT53	5	post	FALSE	ALM_FMT2.pair	D0_ALM_Case_4;5;6;7;8;9;10;12;13	D0_ALM_Case_4;5;6;8;9;12;13;15;17;18;20;21	TRUE	rCDI
ALM	R0_ALM_Case_12	ALM_FMT56.pair	ALM_Case_12	12	FMT56	0	recipient	TRUE	ALM_FMT2.pair	D0_ALM_Case_4;5;6;7;8;9;10;12;13	D0_ALM_Case_4;5;6;8;9;12;13;15;17;18;20;21	TRUE	rCDI
ALM	R48_ALM_Case_12	ALM_FMT58.pair	ALM_Case_12	12	FMT58	48	post	TRUE	ALM_FMT2.pair	D0_ALM_Case_4;5;6;7;8;9;10;12;13	D0_ALM_Case_4;5;6;8;9;12;13;15;17;18;20;21	TRUE	rCDI
ALM	R0_ALM_Case_13	ALM_FMT59.pair	ALM_Case_13	13	FMT59	0	recipient	FALSE	ALM_FMT2.pair	D0_ALM_Case_4;5;6;7;8;9;10;12;13	D0_ALM_Case_4;5;6;8;9;12;13;15;17;18;20;21	TRUE	rCDI
ALM	R3_ALM_Case_3	ALM_FMT6.pair	ALM_Case_3	3	FMT6	3	post	TRUE	ALM_FMT1.pair	D0_ALM_Case_1;3	D0_ALM_Case_1;3	FALSE	rCDI
ALM	R3_ALM_Case_13	ALM_FMT62.pair	ALM_Case_13	13	FMT62	3	post	FALSE	ALM_FMT2.pair	D0_ALM_Case_4;5;6;7;8;9;10;12;13	D0_ALM_Case_4;5;6;8;9;12;13;15;17;18;20;21	FALSE	rCDI
ALM	R12_ALM_Case_13	ALM_FMT64.pair	ALM_Case_13	13	FMT64	12	post	FALSE	ALM_FMT2.pair	D0_ALM_Case_4;5;6;7;8;9;10;12;13	D0_ALM_Case_4;5;6;8;9;12;13;15;17;18;20;21	FALSE	rCDI
ALM	R37_ALM_Case_13	ALM_FMT66.pair	ALM_Case_13	13	FMT66	37	post	FALSE	ALM_FMT2.pair	D0_ALM_Case_4;5;6;7;8;9;10;12;13	D0_ALM_Case_4;5;6;8;9;12;13;15;17;18;20;21	TRUE	rCDI
ALM	R0_ALM_Case_15	ALM_FMT69.pair	ALM_Case_15	15	FMT69	0	recipient	FALSE	ALM_FMT27.pair	D0_ALM_Case_15;17;20;21	D0_ALM_Case_4;5;6;8;9;12;13;15;17;18;20;21	TRUE	rCDI
ALM	R4_ALM_Case_15	ALM_FMT71.pair	ALM_Case_15	15	FMT71	4	post	FALSE	ALM_FMT27.pair	D0_ALM_Case_15;17;20;21	D0_ALM_Case_4;5;6;8;9;12;13;15;17;18;20;21	FALSE	rCDI
ALM	R21_ALM_Case_15	ALM_FMT72.pair	ALM_Case_15	15	FMT72	21	post	FALSE	ALM_FMT27.pair	D0_ALM_Case_15;17;20;21	D0_ALM_Case_4;5;6;8;9;12;13;15;17;18;20;21	TRUE	rCDI
ALM	R0_ALM_Case_17	ALM_FMT75.pair	ALM_Case_17	17	FMT75	0	recipient	TRUE	ALM_FMT27.pair	D0_ALM_Case_15;17;20;21	D0_ALM_Case_4;5;6;8;9;12;13;15;17;18;20;21	TRUE	rCDI
ALM	R4_ALM_Case_17	ALM_FMT77.pair	ALM_Case_17	17	FMT77	4	post	TRUE	ALM_FMT27.pair	D0_ALM_Case_15;17;20;21	D0_ALM_Case_4;5;6;8;9;12;13;15;17;18;20;21	TRUE	rCDI
ALM	R0_ALM_Case_18	ALM_FMT78.pair	ALM_Case_18	18	FMT78	0	recipient	FALSE	ALM_FMT4.pair	D0_ALM_Case_14;18	D0_ALM_Case_4;5;6;8;9;12;13;15;17;18;20;21	TRUE	rCDI
ALM	R5_ALM_Case_18	ALM_FMT80.pair	ALM_Case_18	18	FMT80	5	post	FALSE	ALM_FMT4.pair	D0_ALM_Case_14;18	D0_ALM_Case_4;5;6;8;9;12;13;15;17;18;20;21	FALSE	rCDI
ALM	R11_ALM_Case_18	ALM_FMT81.pair	ALM_Case_18	18	FMT81	11	post	FALSE	ALM_FMT4.pair	D0_ALM_Case_14;18	D0_ALM_Case_4;5;6;8;9;12;13;15;17;18;20;21	TRUE	rCDI
ALM	R0_ALM_Case_20	ALM_FMT82.pair	ALM_Case_20	20	FMT82	0	recipient	FALSE	ALM_FMT27.pair	D0_ALM_Case_15;17;20;21	D0_ALM_Case_4;5;6;8;9;12;13;15;17;18;20;21	TRUE	rCDI
ALM	R3_ALM_Case_20	ALM_FMT84.pair	ALM_Case_20	20	FMT84	3	post	FALSE	ALM_FMT27.pair	D0_ALM_Case_15;17;20;21	D0_ALM_Case_4;5;6;8;9;12;13;15;17;18;20;21	FALSE	rCDI
ALM	R7_ALM_Case_20	ALM_FMT85.pair	ALM_Case_20	20	FMT85	7	post	FALSE	ALM_FMT27.pair	D0_ALM_Case_15;17;20;21	D0_ALM_Case_4;5;6;8;9;12;13;15;17;18;20;21	TRUE	rCDI
ALM	R0_ALM_Case_21	ALM_FMT88.pair	ALM_Case_21	21	FMT88	0	recipient	TRUE	ALM_FMT27.pair	D0_ALM_Case_15;17;20;21	D0_ALM_Case_4;5;6;8;9;12;13;15;17;18;20;21	TRUE	rCDI
ALM	R14_ALM_Case_21	ALM_FMT92.pair	ALM_Case_21	21	FMT92	14	post	TRUE	ALM_FMT27.pair	D0_ALM_Case_15;17;20;21	D0_ALM_Case_4;5;6;8;9;12;13;15;17;18;20;21	TRUE	rCDI
ALM	R0_ALM_Case_22	ALM_FMT93.pair	ALM_Case_22	22	FMT93	0	recipient	TRUE	ALM_FMT34.pair	D0_ALM_Case_22;24;25	D0_ALM_Case_22;23;24;25	TRUE	rCDI
ALM	R5_ALM_Case_22	ALM_FMT95.pair	ALM_Case_22	22	FMT95	5	post	TRUE	ALM_FMT34.pair	D0_ALM_Case_22;24;25	D0_ALM_Case_22;23;24;25	FALSE	rCDI
ALM	R0_ALM_Case_23	ALM_FMT96.pair	ALM_Case_23	23	FMT96	0	recipient	TRUE	ALM_FMT33.pair	D0_ALM_Case_23	D0_ALM_Case_22;23;24;25	TRUE	rCDI
ALM	R4_ALM_Case_23	ALM_FMT97.pair	ALM_Case_23	23	FMT97	4	post	TRUE	ALM_FMT33.pair	D0_ALM_Case_23	D0_ALM_Case_22;23;24;25	FALSE	rCDI
ALM	R4_ALM_Case_23	ALM_FMT98.pair	ALM_Case_23	23	FMT98	4	post	TRUE	ALM_FMT33.pair	D0_ALM_Case_23	D0_ALM_Case_22;23;24;25	FALSE	rCDI
ALM	R0_ALM_Case_24	ALM_FMT99.pair	ALM_Case_24	24	FMT99	0	recipient	TRUE	ALM_FMT34.pair	D0_ALM_Case_22;24;25	D0_ALM_Case_22;23;24;25	TRUE	rCDI
FRICKE	R0_FRICKE_Case_16	FRICKE_16A.pair	FRICKE_Case_16	16	16A	0	recipient	TRUE	FRICKE_16B.pair	D0_FRICKE_Case_16	D0_FRICKE_Case_16	TRUE	rCDI
FRICKE	D0_FRICKE_Case_16	FRICKE_16B.pair	FRICKE_Case_16	16	16B	0	donor	TRUE	FRICKE_16B.pair	D0_FRICKE_Case_16	D0_FRICKE_Case_16	TRUE	rCDI
FRICKE	R365_FRICKE_Case_16	FRICKE_16D.pair	FRICKE_Case_16	16	16D	365	post	TRUE	FRICKE_16B.pair	D0_FRICKE_Case_16	D0_FRICKE_Case_16	TRUE	rCDI
FRICKE	R0_FRICKE_Case_19	FRICKE_19A.pair	FRICKE_Case_19	19	19A	0	recipient	TRUE	FRICKE_19B.pair	D0_FRICKE_Case_19	D0_FRICKE_Case_19	TRUE	rCDI
FRICKE	D0_FRICKE_Case_19	FRICKE_19B.pair	FRICKE_Case_19	19	19B	0	donor	TRUE	FRICKE_19B.pair	D0_FRICKE_Case_19	D0_FRICKE_Case_19	TRUE	rCDI
FRICKE	R28_FRICKE_Case_19	FRICKE_19C.pair	FRICKE_Case_19	19	19C	28	post	TRUE	FRICKE_19B.pair	D0_FRICKE_Case_19	D0_FRICKE_Case_19	FALSE	rCDI
FRICKE	R140_FRICKE_Case_19	FRICKE_19G.pair	FRICKE_Case_19	19	19G	140	post	TRUE	FRICKE_19B.pair	D0_FRICKE_Case_19	D0_FRICKE_Case_19	TRUE	rCDI
FRICKE	R0_FRICKE_Case_20	FRICKE_20A.pair	FRICKE_Case_20	20	20A	0	recipient	TRUE	FRICKE_20B.pair	D0_FRICKE_Case_20	D0_FRICKE_Case_20	TRUE	rCDI
FRICKE	D0_FRICKE_Case_20	FRICKE_20B.pair	FRICKE_Case_20	20	20B	0	donor	TRUE	FRICKE_20B.pair	D0_FRICKE_Case_20	D0_FRICKE_Case_20	TRUE	rCDI
FRICKE	R84_FRICKE_Case_20	FRICKE_20E.pair	FRICKE_Case_20	20	20E	84	post	TRUE	FRICKE_20B.pair	D0_FRICKE_Case_20	D0_FRICKE_Case_20	TRUE	rCDI
FRICKE	R0_FRICKE_Case_23	FRICKE_23A.pair	FRICKE_Case_23	23	23A	0	recipient	TRUE	FRICKE_23B.pair	D0_FRICKE_Case_23	D0_FRICKE_Case_23	TRUE	rCDI
FRICKE	D0_FRICKE_Case_23	FRICKE_23B.pair	FRICKE_Case_23	23	23B	0	donor	TRUE	FRICKE_23B.pair	D0_FRICKE_Case_23	D0_FRICKE_Case_23	TRUE	rCDI
FRICKE	R7_FRICKE_Case_23	FRICKE_23C.pair	FRICKE_Case_23	23	23C	7	post	TRUE	FRICKE_23B.pair	D0_FRICKE_Case_23	D0_FRICKE_Case_23	FALSE	rCDI
FRICKE	R112_FRICKE_Case_23	FRICKE_23G.pair	FRICKE_Case_23	23	23G	112	post	TRUE	FRICKE_23B.pair	D0_FRICKE_Case_23	D0_FRICKE_Case_23	TRUE	rCDI
FRICKE	R0_FRICKE_Case_28	FRICKE_28A.pair	FRICKE_Case_28	28	28A	0	recipient	TRUE	FRICKE_28B.pair	D0_FRICKE_Case_28	D0_FRICKE_Case_28	TRUE	rCDI
FRICKE	D0_FRICKE_Case_28	FRICKE_28B.pair	FRICKE_Case_28	28	28B	0	donor	TRUE	FRICKE_28B.pair	D0_FRICKE_Case_28	D0_FRICKE_Case_28	TRUE	rCDI
FRICKE	R7_FRICKE_Case_28	FRICKE_28C.pair	FRICKE_Case_28	28	28C	7	post	TRUE	FRICKE_28B.pair	D0_FRICKE_Case_28	D0_FRICKE_Case_28	TRUE	rCDI
FRICKE	R0_FRICKE_Case_29	FRICKE_29A.pair	FRICKE_Case_29	29	29A	0	recipient	TRUE	FRICKE_29B.pair	D0_FRICKE_Case_29	D0_FRICKE_Case_29	TRUE	rCDI
FRICKE	D0_FRICKE_Case_29	FRICKE_29B.pair	FRICKE_Case_29	29	29B	0	donor	TRUE	FRICKE_29B.pair	D0_FRICKE_Case_29	D0_FRICKE_Case_29	TRUE	rCDI
FRICKE	R7_FRICKE_Case_29	FRICKE_29C.pair	FRICKE_Case_29	29	29C	7	post	TRUE	FRICKE_29B.pair	D0_FRICKE_Case_29	D0_FRICKE_Case_29	FALSE	rCDI
FRICKE	R28_FRICKE_Case_29	FRICKE_29I.pair	FRICKE_Case_29	29	29I	28	post	TRUE	FRICKE_29B.pair	D0_FRICKE_Case_29	D0_FRICKE_Case_29	TRUE	rCDI
FRICKE	R0_FRICKE_Case_54	FRICKE_54A.pair	FRICKE_Case_54	54	54A	0	recipient	TRUE	FRICKE_54B.pair	D0_FRICKE_Case_54	D0_FRICKE_Case_54	TRUE	rCDI
FRICKE	D0_FRICKE_Case_54	FRICKE_54B.pair	FRICKE_Case_54	54	54B	0	donor	TRUE	FRICKE_54B.pair	D0_FRICKE_Case_54	D0_FRICKE_Case_54	TRUE	rCDI
FRICKE	R84_FRICKE_Case_54	FRICKE_54C.pair	FRICKE_Case_54	54	54C	84	post	TRUE	FRICKE_54B.pair	D0_FRICKE_Case_54	D0_FRICKE_Case_54	TRUE	rCDI
FRICKE	R0_FRICKE_Case_9	FRICKE_9A.pair	FRICKE_Case_9	9	9A	0	recipient	TRUE	FRICKE_9B.pair	D0_FRICKE_Case_9	D0_FRICKE_Case_9	TRUE	rCDI
FRICKE	D0_FRICKE_Case_9	FRICKE_9B.pair	FRICKE_Case_9	9	9B	0	donor	TRUE	FRICKE_9B.pair	D0_FRICKE_Case_9	D0_FRICKE_Case_9	TRUE	rCDI
FRICKE	R56_FRICKE_Case_9	FRICKE_9E.pair	FRICKE_Case_9	9	9E	56	post	TRUE	FRICKE_9B.pair	D0_FRICKE_Case_9	D0_FRICKE_Case_9	TRUE	rCDI
HMP	C0_HMP_Case_1	HMP_700013715.pair	HMP_Case_1	1	700013715	0	control	TRUE	NA	NA	NA	FALSE	Control
HMP	C1_HMP_Case_1	HMP_700097837.pair	HMP_Case_1	1	700097837	238	control	TRUE	NA	NA	NA	TRUE	Control
HMP	C0_HMP_Case_2	HMP_700014837.pair	HMP_Case_2	2	700014837	0	control	TRUE	NA	NA	NA	FALSE	Control
HMP	C1_HMP_Case_2	HMP_700098561.pair	HMP_Case_2	2	700098561	238	control	TRUE	NA	NA	NA	TRUE	Control
HMP	C0_HMP_Case_3	HMP_700015250.pair	HMP_Case_3	3	700015250	0	control	TRUE	NA	NA	NA	FALSE	Control
HMP	C1_HMP_Case_3	HMP_700099803.pair	HMP_Case_3	3	700099803	252	control	TRUE	NA	NA	NA	TRUE	Control
HMP	C0_HMP_Case_4	HMP_700015415.pair	HMP_Case_4	4	700015415	0	control	TRUE	NA	NA	NA	FALSE	Control
HMP	C1_HMP_Case_4	HMP_700101243.pair	HMP_Case_4	4	700101243	278	control	TRUE	NA	NA	NA	TRUE	Control
HMP	C0_HMP_Case_5	HMP_700016456.pair	HMP_Case_5	5	700016456	0	control	TRUE	NA	NA	NA	FALSE	Control
HMP	C1_HMP_Case_5	HMP_700100600.pair	HMP_Case_5	5	700100600	231	control	TRUE	NA	NA	NA	TRUE	Control
HMP	C0_HMP_Case_6	HMP_700016542.pair	HMP_Case_6	6	700016542	0	control	TRUE	NA	NA	NA	NA	Control
HMP	C1_HMP_Case_6	HMP_700102585.pair	HMP_Case_6	6	700102585	254	control	TRUE	NA	NA	NA	NA	Control
HMP	C2_HMP_Case_6	HMP_700119496.pair	HMP_Case_6	6	700119496	NA	control	TRUE	NA	NA	NA	NA	Control
HMP	C0_HMP_Case_7	HMP_700015981.pair	HMP_Case_7	7	700015981	0	control	TRUE	NA	NA	NA	FALSE	Control
HMP	C1_HMP_Case_7	HMP_700100471.pair	HMP_Case_7	7	700100471	217	control	TRUE	NA	NA	NA	TRUE	Control
HMP	C0_HMP_Case_8	HMP_700016765.pair	HMP_Case_8	8	700016765	0	control	TRUE	NA	NA	NA	FALSE	Control
HMP	C1_HMP_Case_8	HMP_700100312.pair	HMP_Case_8	8	700100312	222	control	TRUE	NA	NA	NA	TRUE	Control
HMP	C0_HMP_Case_9	HMP_700015857.pair	HMP_Case_9	9	700015857	0	control	TRUE	NA	NA	NA	FALSE	Control
HMP	C1_HMP_Case_9	HMP_700100432.pair	HMP_Case_9	9	700100432	219	control	TRUE	NA	NA	NA	TRUE	Control
HMP	C0_HMP_Case_10	HMP_700033502.pair	HMP_Case_10	10	700033502	0	control	TRUE	NA	NA	NA	FALSE	Control
HMP	C1_HMP_Case_10	HMP_700102356.pair	HMP_Case_10	10	700102356	236	control	TRUE	NA	NA	NA	TRUE	Control
HMP	C0_HMP_Case_11	HMP_700033922.pair	HMP_Case_11	11	700033922	0	control	TRUE	NA	NA	NA	FALSE	Control
HMP	C1_HMP_Case_11	HMP_700100540.pair	HMP_Case_11	11	700100540	203	control	TRUE	NA	NA	NA	TRUE	Control
HMP	C0_HMP_Case_12	HMP_700033665.pair	HMP_Case_12	12	700033665	0	control	TRUE	NA	NA	NA	FALSE	Control
HMP	C1_HMP_Case_12	HMP_700101366.pair	HMP_Case_12	12	700101366	222	control	TRUE	NA	NA	NA	TRUE	Control
HMP	C0_HMP_Case_13	HMP_700016960.pair	HMP_Case_13	13	700016960	0	control	TRUE	NA	NA	NA	FALSE	Control
HMP	C1_HMP_Case_13	HMP_700101581.pair	HMP_Case_13	13	700101581	233	control	TRUE	NA	NA	NA	TRUE	Control
HMP	C0_HMP_Case_14	HMP_700015922.pair	HMP_Case_14	14	700015922	0	control	TRUE	NA	NA	NA	FALSE	Control
HMP	C1_HMP_Case_14	HMP_700101840.pair	HMP_Case_14	14	700101840	236	control	TRUE	NA	NA	NA	TRUE	Control
HMP	C0_HMP_Case_15	HMP_700033435.pair	HMP_Case_15	15	700033435	0	control	TRUE	NA	NA	NA	FALSE	Control
HMP	C1_HMP_Case_15	HMP_700101916.pair	HMP_Case_15	15	700101916	229	control	TRUE	NA	NA	NA	TRUE	Control
HMP	C0_HMP_Case_16	HMP_700032222.pair	HMP_Case_16	16	700032222	0	control	TRUE	NA	NA	NA	FALSE	Control
HMP	C0_HMP_Case_16	HMP_700032244.pair	HMP_Case_16	16	700032244	0	control	TRUE	NA	NA	NA	FALSE	Control
HMP	C1_HMP_Case_16	HMP_700107375.pair	HMP_Case_16	16	700107375	259	control	TRUE	NA	NA	NA	TRUE	Control
HMP	C0_HMP_Case_17	HMP_700033797.pair	HMP_Case_17	17	700033797	0	control	TRUE	NA	NA	NA	NA	Control
HMP	C1_HMP_Case_17	HMP_700107059.pair	HMP_Case_17	17	700107059	NA	control	TRUE	NA	NA	NA	NA	Control
HMP	C0_HMP_Case_18	HMP_700035533.pair	HMP_Case_18	18	700035533	0	control	TRUE	NA	NA	NA	FALSE	Control
HMP	C1_HMP_Case_18	HMP_700102432.pair	HMP_Case_18	18	700102432	201	control	TRUE	NA	NA	NA	TRUE	Control
HMP	C0_HMP_Case_19	HMP_700099512.pair	HMP_Case_19	19	700099512	0	control	TRUE	NA	NA	NA	FALSE	Control
HMP	C1_HMP_Case_19	HMP_700110155.pair	HMP_Case_19	19	700110155	131	control	TRUE	NA	NA	NA	TRUE	Control
HMP	C0_HMP_Case_20	HMP_700102299.pair	HMP_Case_20	20	700102299	0	control	TRUE	NA	NA	NA	FALSE	Control
HMP	C1_HMP_Case_20	HMP_700110419.pair	HMP_Case_20	20	700110419	85	control	TRUE	NA	NA	NA	TRUE	Control
HMP	C0_HMP_Case_21	HMP_700097906.pair	HMP_Case_21	21	700097906	0	control	TRUE	NA	NA	NA	FALSE	Control
HMP	C1_HMP_Case_21	HMP_700109230.pair	HMP_Case_21	21	700109230	161	control	TRUE	NA	NA	NA	TRUE	Control
HMP	C0_HMP_Case_22	HMP_700107189.pair	HMP_Case_22	22	700107189	0	control	TRUE	NA	NA	NA	FALSE	Control
HMP	C1_HMP_Case_22	HMP_700111026.pair	HMP_Case_22	22	700111026	54	control	TRUE	NA	NA	NA	TRUE	Control
HMP	C0_HMP_Case_23	HMP_700021306.pair	HMP_Case_23	23	700021306	0	control	TRUE	NA	NA	NA	NA	Control
HMP	C1_HMP_Case_23	HMP_700037632.pair	HMP_Case_23	23	700037632	NA	control	TRUE	NA	NA	NA	NA	Control
HMP	C0_HMP_Case_24	HMP_700021876.pair	HMP_Case_24	24	700021876	0	control	TRUE	NA	NA	NA	FALSE	Control
HMP	C2_HMP_Case_24	HMP_700113616.pair	HMP_Case_24	24	700113616	373	control	TRUE	NA	NA	NA	TRUE	Control
HMP	C0_HMP_Case_25	HMP_700023113.pair	HMP_Case_25	25	700023113	0	control	TRUE	NA	NA	NA	NA	Control
HMP	C1_HMP_Case_25	HMP_700023720.pair	HMP_Case_25	25	700023720	NA	control	TRUE	NA	NA	NA	NA	Control
HMP	C0_HMP_Case_26	HMP_700021824.pair	HMP_Case_26	26	700021824	0	control	TRUE	NA	NA	NA	FALSE	Control
HMP	C1_HMP_Case_26	HMP_700038158.pair	HMP_Case_26	26	700038158	157	control	TRUE	NA	NA	NA	TRUE	Control
HMP	C0_HMP_Case_27	HMP_700023845.pair	HMP_Case_27	27	700023845	0	control	TRUE	NA	NA	NA	FALSE	Control
HMP	C1_HMP_Case_27	HMP_700103710.pair	HMP_Case_27	27	700103710	273	control	TRUE	NA	NA	NA	TRUE	Control
HMP	C0_HMP_Case_28	HMP_700021902.pair	HMP_Case_28	28	700021902	0	control	TRUE	NA	NA	NA	FALSE	Control
HMP	C1_HMP_Case_28	HMP_700105210.pair	HMP_Case_28	28	700105210	273	control	TRUE	NA	NA	NA	TRUE	Control
HMP	C0_HMP_Case_29	HMP_700023267.pair	HMP_Case_29	29	700023267	0	control	TRUE	NA	NA	NA	FALSE	Control
HMP	C1_HMP_Case_29	HMP_700114125.pair	HMP_Case_29	29	700114125	303	control	TRUE	NA	NA	NA	TRUE	Control
HMP	C0_HMP_Case_30	HMP_700023578.pair	HMP_Case_30	30	700023578	0	control	TRUE	NA	NA	NA	FALSE	Control
HMP	C1_HMP_Case_30	HMP_700103446.pair	HMP_Case_30	30	700103446	280	control	TRUE	NA	NA	NA	TRUE	Control
HMP	C0_HMP_Case_31	HMP_700023788.pair	HMP_Case_31	31	700023788	0	control	TRUE	NA	NA	NA	FALSE	Control
HMP	C1_HMP_Case_31	HMP_700114653.pair	HMP_Case_31	31	700114653	309	control	TRUE	NA	NA	NA	TRUE	Control
HMP	C0_HMP_Case_32	HMP_700023337.pair	HMP_Case_32	32	700023337	0	control	TRUE	NA	NA	NA	NA	Control
HMP	C1_HMP_Case_32	HMP_700037501.pair	HMP_Case_32	32	700037501	NA	control	TRUE	NA	NA	NA	NA	Control
HMP	C0_HMP_Case_33	HMP_700023919.pair	HMP_Case_33	33	700023919	0	control	TRUE	NA	NA	NA	FALSE	Control
HMP	C1_HMP_Case_33	HMP_700106615.pair	HMP_Case_33	33	700106615	184	control	TRUE	NA	NA	NA	TRUE	Control
HMP	C0_HMP_Case_34	HMP_700024024.pair	HMP_Case_34	34	700024024	0	control	TRUE	NA	NA	NA	FALSE	Control
HMP	C1_HMP_Case_34	HMP_700114480.pair	HMP_Case_34	34	700114480	290	control	TRUE	NA	NA	NA	TRUE	Control
HMP	C0_HMP_Case_35	HMP_700023634.pair	HMP_Case_35	35	700023634	0	control	TRUE	NA	NA	NA	NA	Control
HMP	C1_HMP_Case_35	HMP_700114082.pair	HMP_Case_35	35	700114082	NA	control	TRUE	NA	NA	NA	NA	Control
HMP	C0_HMP_Case_36	HMP_700023872.pair	HMP_Case_36	36	700023872	0	control	TRUE	NA	NA	NA	FALSE	Control
HMP	C1_HMP_Case_36	HMP_700106809.pair	HMP_Case_36	36	700106809	223	control	TRUE	NA	NA	NA	TRUE	Control
HMP	C0_HMP_Case_37	HMP_700024437.pair	HMP_Case_37	37	700024437	0	control	TRUE	NA	NA	NA	FALSE	Control
HMP	C1_HMP_Case_37	HMP_700106663.pair	HMP_Case_37	37	700106663	174	control	TRUE	NA	NA	NA	TRUE	Control
HMP	C0_HMP_Case_38	HMP_700024615.pair	HMP_Case_38	38	700024615	0	control	TRUE	NA	NA	NA	NA	Control
HMP	C1_HMP_Case_38	HMP_700105306.pair	HMP_Case_38	38	700105306	NA	control	TRUE	NA	NA	NA	NA	Control
HMP	C0_HMP_Case_39	HMP_700024673.pair	HMP_Case_39	39	700024673	0	control	TRUE	NA	NA	NA	NA	Control
HMP	C1_HMP_Case_39	HMP_700105771.pair	HMP_Case_39	39	700105771	NA	control	TRUE	NA	NA	NA	NA	Control
HMP	C0_HMP_Case_40	HMP_700024318.pair	HMP_Case_40	40	700024318	0	control	TRUE	NA	NA	NA	FALSE	Control
HMP	C1_HMP_Case_40	HMP_700105372.pair	HMP_Case_40	40	700105372	234	control	TRUE	NA	NA	NA	TRUE	Control
HMP	C0_HMP_Case_41	HMP_700024930.pair	HMP_Case_41	41	700024930	0	control	TRUE	NA	NA	NA	FALSE	Control
HMP	C1_HMP_Case_41	HMP_700038263.pair	HMP_Case_41	41	700038263	87	control	TRUE	NA	NA	NA	TRUE	Control
HMP	C0_HMP_Case_42	HMP_700024998.pair	HMP_Case_42	42	700024998	0	control	TRUE	NA	NA	NA	FALSE	Control
HMP	C1_HMP_Case_42	HMP_700105580.pair	HMP_Case_42	42	700105580	195	control	TRUE	NA	NA	NA	TRUE	Control
HMP	C1_HMP_Case_42	HMP_700105612.pair	HMP_Case_42	42	700105612	195	control	TRUE	NA	NA	NA	TRUE	Control
HMP	C0_HMP_Case_43	HMP_700037042.pair	HMP_Case_43	43	700037042	0	control	TRUE	NA	NA	NA	FALSE	Control
HMP	C1_HMP_Case_43	HMP_700103621.pair	HMP_Case_43	43	700103621	196	control	TRUE	NA	NA	NA	TRUE	Control
ASCINARF	C0_ASCINARF_Case_4	ASCINARF_MV_FEM4_t1Q14.pair	ASCINARF_Case_4	4	MV_FEM4_t1Q14	0	control	TRUE	NA	NA	NA	FALSE	Control
ASCINARF	C1_ASCINARF_Case_4	ASCINARF_MV_FEM4_t2Q15.pair	ASCINARF_Case_4	4	MV_FEM4_t2Q15	90	control	TRUE	NA	NA	NA	TRUE	Control
ASCINARF	C0_ASCINARF_Case_5	ASCINARF_MV_FEM5_t1Q14.pair	ASCINARF_Case_5	5	MV_FEM5_t1Q14	0	control	TRUE	NA	NA	NA	FALSE	Control
ASCINARF	C1_ASCINARF_Case_5	ASCINARF_MV_FEM5_t2Q14.pair	ASCINARF_Case_5	5	MV_FEM5_t2Q14	90	control	TRUE	NA	NA	NA	FALSE	Control
ASCINARF	C2_ASCINARF_Case_5	ASCINARF_MV_FEM5_t3Q15.pair	ASCINARF_Case_5	5	MV_FEM5_t3Q15	300	control	TRUE	NA	NA	NA	TRUE	Control
LOUISS	C360_LOUISS_Case_43	LOUISS_AS43_12.pair	LOUISS_Case_43	43	AS43_12	360	control	TRUE	NA	NA	NA	FALSE	Control
LOUISS	C540_LOUISS_Case_43	LOUISS_AS43_18.pair	LOUISS_Case_43	43	AS43_18	540	control	TRUE	NA	NA	NA	FALSE	Control
LOUISS	C720_LOUISS_Case_43	LOUISS_AS43_24.pair	LOUISS_Case_43	43	AS43_24	720	control	TRUE	NA	NA	NA	TRUE	Control
LOUISS	C90_LOUISS_Case_43	LOUISS_AS43_3.pair	LOUISS_Case_43	43	AS43_3	90	control	TRUE	NA	NA	NA	FALSE	Control
LOUISS	C180_LOUISS_Case_43	LOUISS_AS43_6.pair	LOUISS_Case_43	43	AS43_6	180	control	TRUE	NA	NA	NA	FALSE	Control
LOUISS	C0_LOUISS_Case_44	LOUISS_AS44_0.pair	LOUISS_Case_44	44	AS44_0	0	control	TRUE	NA	NA	NA	FALSE	Control
LOUISS	C360_LOUISS_Case_44	LOUISS_AS44_12.pair	LOUISS_Case_44	44	AS44_12	360	control	TRUE	NA	NA	NA	FALSE	Control
LOUISS	C540_LOUISS_Case_44	LOUISS_AS44_18.pair	LOUISS_Case_44	44	AS44_18	540	control	TRUE	NA	NA	NA	FALSE	Control
LOUISS	C720_LOUISS_Case_44	LOUISS_AS44_24.pair	LOUISS_Case_44	44	AS44_24	720	control	TRUE	NA	NA	NA	TRUE	Control
LOUISS	C90_LOUISS_Case_44	LOUISS_AS44_3.pair	LOUISS_Case_44	44	AS44_3	90	control	TRUE	NA	NA	NA	FALSE	Control
LOUISS	C180_LOUISS_Case_44	LOUISS_AS44_6.pair	LOUISS_Case_44	44	AS44_6	180	control	TRUE	NA	NA	NA	FALSE	Control
LOUISS	C0_LOUISS_Case_45	LOUISS_AS45_0.pair	LOUISS_Case_45	45	AS45_0	0	control	TRUE	NA	NA	NA	FALSE	Control
LOUISS	C360_LOUISS_Case_45	LOUISS_AS45_12.pair	LOUISS_Case_45	45	AS45_12	360	control	TRUE	NA	NA	NA	FALSE	Control
LOUISS	C720_LOUISS_Case_45	LOUISS_AS45_24.pair	LOUISS_Case_45	45	AS45_24	720	control	TRUE	NA	NA	NA	TRUE	Control
LOUISS	C90_LOUISS_Case_45	LOUISS_AS45_3.pair	LOUISS_Case_45	45	AS45_3	90	control	TRUE	NA	NA	NA	FALSE	Control
LOUISS	C180_LOUISS_Case_45	LOUISS_AS45_6.pair	LOUISS_Case_45	45	AS45_6	180	control	TRUE	NA	NA	NA	FALSE	Control
LOUISS	C0_LOUISS_Case_50	LOUISS_AS50_0.pair	LOUISS_Case_50	50	AS50_0	0	control	TRUE	NA	NA	NA	FALSE	Control
LOUISS	C360_LOUISS_Case_50	LOUISS_AS50_12.pair	LOUISS_Case_50	50	AS50_12	360	control	TRUE	NA	NA	NA	FALSE	Control
LOUISS	C540_LOUISS_Case_50	LOUISS_AS50_18.pair	LOUISS_Case_50	50	AS50_18	540	control	TRUE	NA	NA	NA	FALSE	Control
LOUISS	C720_LOUISS_Case_50	LOUISS_AS50_24.pair	LOUISS_Case_50	50	AS50_24	720	control	TRUE	NA	NA	NA	TRUE	Control
LOUISS	C90_LOUISS_Case_50	LOUISS_AS50_3.pair	LOUISS_Case_50	50	AS50_3	90	control	TRUE	NA	NA	NA	FALSE	Control
LOUISS	C180_LOUISS_Case_50	LOUISS_AS50_6.pair	LOUISS_Case_50	50	AS50_6	180	control	TRUE	NA	NA	NA	FALSE	Control
LOUISS	C0_LOUISS_Case_51	LOUISS_AS51_0.pair	LOUISS_Case_51	51	AS51_0	0	control	TRUE	NA	NA	NA	FALSE	Control
LOUISS	C360_LOUISS_Case_51	LOUISS_AS51_12.pair	LOUISS_Case_51	51	AS51_12	360	control	TRUE	NA	NA	NA	FALSE	Control
LOUISS	C540_LOUISS_Case_51	LOUISS_AS51_18.pair	LOUISS_Case_51	51	AS51_18	540	control	TRUE	NA	NA	NA	FALSE	Control
LOUISS	C720_LOUISS_Case_51	LOUISS_AS51_24.pair	LOUISS_Case_51	51	AS51_24	720	control	TRUE	NA	NA	NA	TRUE	Control
LOUISS	C90_LOUISS_Case_51	LOUISS_AS51_3.pair	LOUISS_Case_51	51	AS51_3	90	control	TRUE	NA	NA	NA	FALSE	Control
LOUISS	C180_LOUISS_Case_51	LOUISS_AS51_6.pair	LOUISS_Case_51	51	AS51_6	180	control	TRUE	NA	NA	NA	FALSE	Control
LOUISS	C0_LOUISS_Case_53	LOUISS_AS53_0.pair	LOUISS_Case_53	53	AS53_0	0	control	TRUE	NA	NA	NA	FALSE	Control
LOUISS	C360_LOUISS_Case_53	LOUISS_AS53_12.pair	LOUISS_Case_53	53	AS53_12	360	control	TRUE	NA	NA	NA	FALSE	Control
LOUISS	C540_LOUISS_Case_53	LOUISS_AS53_18.pair	LOUISS_Case_53	53	AS53_18	540	control	TRUE	NA	NA	NA	FALSE	Control
LOUISS	C720_LOUISS_Case_53	LOUISS_AS53_24.pair	LOUISS_Case_53	53	AS53_24	720	control	TRUE	NA	NA	NA	TRUE	Control
LOUISS	C90_LOUISS_Case_53	LOUISS_AS53_3.pair	LOUISS_Case_53	53	AS53_3	90	control	TRUE	NA	NA	NA	FALSE	Control
LOUISS	C180_LOUISS_Case_53	LOUISS_AS53_6.pair	LOUISS_Case_53	53	AS53_6	180	control	TRUE	NA	NA	NA	FALSE	Control
LOUISS	C0_LOUISS_Case_56	LOUISS_AS56_0.pair	LOUISS_Case_56	56	AS56_0	0	control	TRUE	NA	NA	NA	FALSE	Control
LOUISS	C360_LOUISS_Case_56	LOUISS_AS56_12.pair	LOUISS_Case_56	56	AS56_12	360	control	TRUE	NA	NA	NA	FALSE	Control
LOUISS	C540_LOUISS_Case_56	LOUISS_AS56_18.pair	LOUISS_Case_56	56	AS56_18	540	control	TRUE	NA	NA	NA	FALSE	Control
LOUISS	C720_LOUISS_Case_56	LOUISS_AS56_24.pair	LOUISS_Case_56	56	AS56_24	720	control	TRUE	NA	NA	NA	TRUE	Control
LOUISS	C90_LOUISS_Case_56	LOUISS_AS56_3.pair	LOUISS_Case_56	56	AS56_3	90	control	TRUE	NA	NA	NA	FALSE	Control
LOUISS	C180_LOUISS_Case_56	LOUISS_AS56_6.pair	LOUISS_Case_56	56	AS56_6	180	control	TRUE	NA	NA	NA	FALSE	Control
LOUISS	C0_LOUISS_Case_58	LOUISS_AS58_0.pair	LOUISS_Case_58	58	AS58_0	0	control	TRUE	NA	NA	NA	FALSE	Control
LOUISS	C360_LOUISS_Case_58	LOUISS_AS58_12.pair	LOUISS_Case_58	58	AS58_12	360	control	TRUE	NA	NA	NA	FALSE	Control
LOUISS	C540_LOUISS_Case_58	LOUISS_AS58_18.pair	LOUISS_Case_58	58	AS58_18	540	control	TRUE	NA	NA	NA	FALSE	Control
LOUISS	C720_LOUISS_Case_58	LOUISS_AS58_24.pair	LOUISS_Case_58	58	AS58_24	720	control	TRUE	NA	NA	NA	TRUE	Control
LOUISS	C90_LOUISS_Case_58	LOUISS_AS58_3.pair	LOUISS_Case_58	58	AS58_3	90	control	TRUE	NA	NA	NA	FALSE	Control
LOUISS	C180_LOUISS_Case_58	LOUISS_AS58_6.pair	LOUISS_Case_58	58	AS58_6	180	control	TRUE	NA	NA	NA	FALSE	Control
LOUISS	C0_LOUISS_Case_60	LOUISS_AS60_0.pair	LOUISS_Case_60	60	AS60_0	0	control	TRUE	NA	NA	NA	FALSE	Control
LOUISS	C360_LOUISS_Case_60	LOUISS_AS60_12.pair	LOUISS_Case_60	60	AS60_12	360	control	TRUE	NA	NA	NA	FALSE	Control
LOUISS	C540_LOUISS_Case_60	LOUISS_AS60_18.pair	LOUISS_Case_60	60	AS60_18	540	control	TRUE	NA	NA	NA	FALSE	Control
LOUISS	C720_LOUISS_Case_60	LOUISS_AS60_24.pair	LOUISS_Case_60	60	AS60_24	720	control	TRUE	NA	NA	NA	TRUE	Control
LOUISS	C90_LOUISS_Case_60	LOUISS_AS60_3.pair	LOUISS_Case_60	60	AS60_3	90	control	TRUE	NA	NA	NA	FALSE	Control
LOUISS	C180_LOUISS_Case_60	LOUISS_AS60_6.pair	LOUISS_Case_60	60	AS60_6	180	control	TRUE	NA	NA	NA	FALSE	Control
LOUISS	C0_LOUISS_Case_61	LOUISS_AS61_0.pair	LOUISS_Case_61	61	AS61_0	0	control	TRUE	NA	NA	NA	FALSE	Control
LOUISS	C360_LOUISS_Case_61	LOUISS_AS61_12.pair	LOUISS_Case_61	61	AS61_12	360	control	TRUE	NA	NA	NA	FALSE	Control
LOUISS	C540_LOUISS_Case_61	LOUISS_AS61_18.pair	LOUISS_Case_61	61	AS61_18	540	control	TRUE	NA	NA	NA	FALSE	Control
LOUISS	C720_LOUISS_Case_61	LOUISS_AS61_24.pair	LOUISS_Case_61	61	AS61_24	720	control	TRUE	NA	NA	NA	TRUE	Control
LOUISS	C180_LOUISS_Case_61	LOUISS_AS61_6.pair	LOUISS_Case_61	61	AS61_6	180	control	TRUE	NA	NA	NA	FALSE	Control
LOUISS	C0_LOUISS_Case_62	LOUISS_AS62_0.pair	LOUISS_Case_62	62	AS62_0	0	control	TRUE	NA	NA	NA	FALSE	Control
LOUISS	C360_LOUISS_Case_62	LOUISS_AS62_12.pair	LOUISS_Case_62	62	AS62_12	360	control	TRUE	NA	NA	NA	FALSE	Control
LOUISS	C540_LOUISS_Case_62	LOUISS_AS62_18.pair	LOUISS_Case_62	62	AS62_18	540	control	TRUE	NA	NA	NA	FALSE	Control
LOUISS	C720_LOUISS_Case_62	LOUISS_AS62_24.pair	LOUISS_Case_62	62	AS62_24	720	control	TRUE	NA	NA	NA	TRUE	Control
LOUISS	C90_LOUISS_Case_62	LOUISS_AS62_3.pair	LOUISS_Case_62	62	AS62_3	90	control	TRUE	NA	NA	NA	FALSE	Control
LOUISS	C180_LOUISS_Case_62	LOUISS_AS62_6.pair	LOUISS_Case_62	62	AS62_6	180	control	TRUE	NA	NA	NA	FALSE	Control
LOUISS	C0_LOUISS_Case_63	LOUISS_AS63_0.pair	LOUISS_Case_63	63	AS63_0	0	control	TRUE	NA	NA	NA	FALSE	Control
LOUISS	C360_LOUISS_Case_63	LOUISS_AS63_12.pair	LOUISS_Case_63	63	AS63_12	360	control	TRUE	NA	NA	NA	FALSE	Control
LOUISS	C540_LOUISS_Case_63	LOUISS_AS63_18.pair	LOUISS_Case_63	63	AS63_18	540	control	TRUE	NA	NA	NA	FALSE	Control
LOUISS	C720_LOUISS_Case_63	LOUISS_AS63_24.pair	LOUISS_Case_63	63	AS63_24	720	control	TRUE	NA	NA	NA	TRUE	Control
LOUISS	C90_LOUISS_Case_63	LOUISS_AS63_3.pair	LOUISS_Case_63	63	AS63_3	90	control	TRUE	NA	NA	NA	FALSE	Control
LOUISS	C180_LOUISS_Case_63	LOUISS_AS63_6.pair	LOUISS_Case_63	63	AS63_6	180	control	TRUE	NA	NA	NA	FALSE	Control
LOUISS	C0_LOUISS_Case_64	LOUISS_AS64_0.pair	LOUISS_Case_64	64	AS64_0	0	control	TRUE	NA	NA	NA	FALSE	Control
LOUISS	C360_LOUISS_Case_64	LOUISS_AS64_12.pair	LOUISS_Case_64	64	AS64_12	360	control	TRUE	NA	NA	NA	FALSE	Control
LOUISS	C540_LOUISS_Case_64	LOUISS_AS64_18.pair	LOUISS_Case_64	64	AS64_18	540	control	TRUE	NA	NA	NA	TRUE	Control
LOUISS	C90_LOUISS_Case_64	LOUISS_AS64_3.pair	LOUISS_Case_64	64	AS64_3	90	control	TRUE	NA	NA	NA	FALSE	Control
LOUISS	C180_LOUISS_Case_64	LOUISS_AS64_6.pair	LOUISS_Case_64	64	AS64_6	180	control	TRUE	NA	NA	NA	FALSE	Control
LOUISS	C720_LOUISS_Case_64	LOUISS_AS64_24.pair	LOUISS_Case_64	64	AS64_24	720	control	TRUE	NA	NA	NA	TRUE	Control
LOUISS	C0_LOUISS_Case_65	LOUISS_AS65_0.pair	LOUISS_Case_65	65	AS65_0	0	control	TRUE	NA	NA	NA	FALSE	Control
LOUISS	C360_LOUISS_Case_65	LOUISS_AS65_12.pair	LOUISS_Case_65	65	AS65_12	360	control	TRUE	NA	NA	NA	FALSE	Control
LOUISS	C540_LOUISS_Case_65	LOUISS_AS65_18.pair	LOUISS_Case_65	65	AS65_18	540	control	TRUE	NA	NA	NA	FALSE	Control
LOUISS	C720_LOUISS_Case_65	LOUISS_AS65_24.pair	LOUISS_Case_65	65	AS65_24	720	control	TRUE	NA	NA	NA	TRUE	Control
LOUISS	C90_LOUISS_Case_65	LOUISS_AS65_3.pair	LOUISS_Case_65	65	AS65_3	90	control	TRUE	NA	NA	NA	FALSE	Control
LOUISS	C180_LOUISS_Case_65	LOUISS_AS65_6.pair	LOUISS_Case_65	65	AS65_6	180	control	TRUE	NA	NA	NA	FALSE	Control
LOUISS	C0_LOUISS_Case_66	LOUISS_AS66_0.pair	LOUISS_Case_66	66	AS66_0	0	control	TRUE	NA	NA	NA	FALSE	Control
LOUISS	C360_LOUISS_Case_66	LOUISS_AS66_12.pair	LOUISS_Case_66	66	AS66_12	360	control	TRUE	NA	NA	NA	FALSE	Control
LOUISS	C540_LOUISS_Case_66	LOUISS_AS66_18.pair	LOUISS_Case_66	66	AS66_18	540	control	TRUE	NA	NA	NA	TRUE	Control
LOUISS	C720_LOUISS_Case_66	LOUISS_AS66_24.pair	LOUISS_Case_66	66	AS66_24	720	control	TRUE	NA	NA	NA	TRUE	Control
LOUISS	C90_LOUISS_Case_66	LOUISS_AS66_3.pair	LOUISS_Case_66	66	AS66_3	90	control	TRUE	NA	NA	NA	FALSE	Control
LOUISS	C180_LOUISS_Case_66	LOUISS_AS66_6.pair	LOUISS_Case_66	66	AS66_6	180	control	TRUE	NA	NA	NA	FALSE	Control
LOUISS	C0_LOUISS_Case_68	LOUISS_AS68_0.pair	LOUISS_Case_68	68	AS68_0	0	control	TRUE	NA	NA	NA	FALSE	Control
LOUISS	C360_LOUISS_Case_68	LOUISS_AS68_12.pair	LOUISS_Case_68	68	AS68_12	360	control	TRUE	NA	NA	NA	FALSE	Control
LOUISS	C720_LOUISS_Case_68	LOUISS_AS68_24.pair	LOUISS_Case_68	68	AS68_24	720	control	TRUE	NA	NA	NA	TRUE	Control
LOUISS	C90_LOUISS_Case_68	LOUISS_AS68_3.pair	LOUISS_Case_68	68	AS68_3	90	control	TRUE	NA	NA	NA	FALSE	Control
LOUISS	C180_LOUISS_Case_68	LOUISS_AS68_6.pair	LOUISS_Case_68	68	AS68_6	180	control	TRUE	NA	NA	NA	FALSE	Control
RAYMONDF	C0_RAYMONDF_Case_23	RAYMONDF_P23C0.pair	RAYMONDF_Case_23	23	P23C0	0	control	TRUE	NA	NA	NA	FALSE	Control
RAYMONDF	C7_RAYMONDF_Case_23	RAYMONDF_P23C7.pair	RAYMONDF_Case_23	23	P23C7	7	control	TRUE	NA	NA	NA	FALSE	Control
RAYMONDF	C90_RAYMONDF_Case_23	RAYMONDF_P23C90.pair	RAYMONDF_Case_23	23	P23C90	90	control	TRUE	NA	NA	NA	TRUE	Control
RAYMONDF	C0_RAYMONDF_Case_25	RAYMONDF_P25C0.pair	RAYMONDF_Case_25	25	P25C0	0	control	TRUE	NA	NA	NA	FALSE	Control
RAYMONDF	C7_RAYMONDF_Case_25	RAYMONDF_P25C7.pair	RAYMONDF_Case_25	25	P25C7	7	control	TRUE	NA	NA	NA	FALSE	Control
RAYMONDF	C90_RAYMONDF_Case_25	RAYMONDF_P25C90.pair	RAYMONDF_Case_25	25	P25C90	90	control	TRUE	NA	NA	NA	TRUE	Control
RAYMONDF	C0_RAYMONDF_Case_38	RAYMONDF_P38C0.pair	RAYMONDF_Case_38	38	P38C0	0	control	TRUE	NA	NA	NA	FALSE	Control
RAYMONDF	C7_RAYMONDF_Case_38	RAYMONDF_P38C7.pair	RAYMONDF_Case_38	38	P38C7	7	control	TRUE	NA	NA	NA	FALSE	Control
RAYMONDF	C90_RAYMONDF_Case_38	RAYMONDF_P38C90.pair	RAYMONDF_Case_38	38	P38C90	90	control	TRUE	NA	NA	NA	TRUE	Control
RAYMONDF	C0_RAYMONDF_Case_6	RAYMONDF_P6C0.pair	RAYMONDF_Case_6	6	P6C0	0	control	TRUE	NA	NA	NA	FALSE	Control
RAYMONDF	C7_RAYMONDF_Case_6	RAYMONDF_P6C7.pair	RAYMONDF_Case_6	6	P6C7	7	control	TRUE	NA	NA	NA	FALSE	Control
RAYMONDF	C90_RAYMONDF_Case_6	RAYMONDF_P6C90.pair	RAYMONDF_Case_6	6	P6C90	90	control	TRUE	NA	NA	NA	TRUE	Control
RAYMONDF	C0_RAYMONDF_Case_7	RAYMONDF_P7C0.pair	RAYMONDF_Case_7	7	P7C0	0	control	TRUE	NA	NA	NA	FALSE	Control
RAYMONDF	C7_RAYMONDF_Case_7	RAYMONDF_P7C7.pair	RAYMONDF_Case_7	7	P7C7	7	control	TRUE	NA	NA	NA	FALSE	Control
RAYMONDF	C90_RAYMONDF_Case_7	RAYMONDF_P7C90.pair	RAYMONDF_Case_7	7	P7C90	90	control	TRUE	NA	NA	NA	TRUE	Control
RAYMONDF	C0_RAYMONDF_Case_8	RAYMONDF_P8C0.pair	RAYMONDF_Case_8	8	P8C0	0	control	TRUE	NA	NA	NA	FALSE	Control
RAYMONDF	C7_RAYMONDF_Case_8	RAYMONDF_P8C7.pair	RAYMONDF_Case_8	8	P8C7	7	control	TRUE	NA	NA	NA	FALSE	Control
RAYMONDF	C90_RAYMONDF_Case_8	RAYMONDF_P8C90.pair	RAYMONDF_Case_8	8	P8C90	90	control	TRUE	NA	NA	NA	TRUE	Control
